"id","border_true","boxcolor_true","default_border","default_fill_color","default_font","default_visibility","element_id","fill_color_true","font_true","runtime_border","runtime_boxcolor","runtime_fill_color","runtime_font","runtime_text","runtime_visibility","visibility_true","project_id","svg_id"
"1","NULL","NULL","NULL","NULL","NULL","NULL","shape1002-1","NULL","NULL","NULL","NULL","NULL","NULL","NULL","NULL","NULL","2","1"
"2","NULL","NULL","NULL","NULL","NULL","NULL","shape1001-3","NULL","NULL","NULL","NULL","NULL","NULL","NULL","NULL","NULL","2","1"
"3","NULL","NULL","NULL","NULL","NULL","NULL","group1004-6","NULL","NULL","NULL","NULL","NULL","NULL","NULL","NULL","NULL","2","1"
"4","NULL","NULL","NULL","NULL","NULL","NULL","group1005-10","NULL","NULL","NULL","NULL","NULL","NULL","NULL","NULL","NULL","2","1"
"5","NULL","NULL","NULL","NULL","NULL","NULL","group1059-14","NULL","NULL","NULL","NULL","NULL","NULL","NULL","NULL","NULL","2","1"
"6","NULL","NULL","NULL","NULL","NULL","NULL","shape1060-18","NULL","NULL","NULL","NULL","NULL","NULL","NULL","NULL","NULL","2","1"
"7","NULL","NULL","NULL","NULL","NULL","NULL","group1063-21","NULL","NULL","NULL","NULL","NULL","NULL","NULL","NULL","NULL","2","1"
"8","NULL","NULL","NULL","NULL","NULL","NULL","shape1064-25","NULL","NULL","NULL","NULL","NULL","NULL","NULL","NULL","NULL","2","1"
"9","NULL","NULL","NULL","NULL","NULL","NULL","group1067-28","NULL","NULL","NULL","NULL","NULL","NULL","NULL","NULL","NULL","2","1"
"10","NULL","NULL","NULL","NULL","NULL","NULL","shape1068-32","NULL","NULL","NULL","NULL","NULL","NULL","NULL","NULL","NULL","2","1"
"11","NULL","NULL","NULL","NULL","NULL","NULL","group1071-35","NULL","NULL","NULL","NULL","NULL","NULL","NULL","NULL","NULL","2","1"
"12","NULL","NULL","NULL","NULL","NULL","NULL","shape1072-39","NULL","NULL","NULL","NULL","NULL","NULL","NULL","NULL","NULL","2","1"
"13","NULL","NULL","NULL","NULL","NULL","NULL","group1075-42","NULL","NULL","NULL","NULL","NULL","NULL","NULL","NULL","NULL","2","1"
"14","NULL","NULL","NULL","NULL","NULL","NULL","shape1076-46","NULL","NULL","NULL","NULL","NULL","NULL","NULL","NULL","NULL","2","1"
"15","NULL","NULL","NULL","NULL","NULL","NULL","group1079-49","NULL","NULL","NULL","NULL","NULL","NULL","NULL","NULL","NULL","2","1"
"16","NULL","NULL","NULL","NULL","NULL","NULL","shape1080-53","NULL","NULL","NULL","NULL","NULL","NULL","NULL","NULL","NULL","2","1"
"17","NULL","NULL","NULL","NULL","NULL","NULL","group1083-56","NULL","NULL","NULL","NULL","NULL","NULL","NULL","NULL","NULL","2","1"
"18","NULL","NULL","NULL","NULL","NULL","NULL","shape1084-61","NULL","NULL","NULL","NULL","NULL","NULL","NULL","NULL","NULL","2","1"
"19","NULL","NULL","NULL","NULL","NULL","NULL","group1087-64","NULL","NULL","NULL","NULL","NULL","NULL","NULL","NULL","NULL","2","1"
"20","NULL","NULL","NULL","NULL","NULL","NULL","shape1088-68","NULL","NULL","NULL","NULL","NULL","NULL","NULL","NULL","NULL","2","1"
"21","NULL","NULL","NULL","NULL","NULL","NULL","group1091-71","NULL","NULL","NULL","NULL","NULL","NULL","NULL","NULL","NULL","2","1"
"22","NULL","NULL","NULL","NULL","NULL","NULL","shape1092-75","NULL","NULL","NULL","NULL","NULL","NULL","NULL","NULL","NULL","2","1"
"23","NULL","NULL","NULL","NULL","NULL","NULL","group1095-78","NULL","NULL","NULL","NULL","NULL","NULL","NULL","NULL","NULL","2","1"
"24","NULL","NULL","NULL","NULL","NULL","NULL","shape1096-82","NULL","NULL","NULL","NULL","NULL","NULL","NULL","NULL","NULL","2","1"
"25","NULL","NULL","NULL","NULL","NULL","NULL","group1099-85","NULL","NULL","NULL","NULL","NULL","NULL","NULL","NULL","NULL","2","1"
"26","NULL","NULL","NULL","NULL","NULL","NULL","shape1100-89","NULL","NULL","NULL","NULL","NULL","NULL","NULL","NULL","NULL","2","1"
"27","NULL","NULL","NULL","NULL","NULL","NULL","group1103-92","NULL","NULL","NULL","NULL","NULL","NULL","NULL","NULL","NULL","2","1"
"28","NULL","NULL","NULL","NULL","NULL","NULL","shape1104-96","NULL","NULL","NULL","NULL","NULL","NULL","NULL","NULL","NULL","2","1"
"29","NULL","NULL","NULL","NULL","NULL","NULL","group1107-99","NULL","NULL","NULL","NULL","NULL","NULL","NULL","NULL","NULL","2","1"
"30","NULL","NULL","NULL","NULL","NULL","NULL","shape1108-103","NULL","NULL","NULL","NULL","NULL","NULL","NULL","NULL","NULL","2","1"
"31","NULL","NULL","NULL","NULL","NULL","NULL","group1187-106","NULL","NULL","NULL","NULL","NULL","NULL","NULL","NULL","NULL","2","1"
"32","NULL","NULL","NULL","NULL","NULL","NULL","shape1188-110","NULL","NULL","NULL","NULL","NULL","NULL","NULL","NULL","NULL","2","1"
"33","NULL","NULL","NULL","NULL","NULL","NULL","group1191-113","NULL","NULL","NULL","NULL","NULL","NULL","NULL","NULL","NULL","2","1"
"34","NULL","NULL","NULL","NULL","NULL","NULL","shape1192-117","NULL","NULL","NULL","NULL","NULL","NULL","NULL","NULL","NULL","2","1"
"35","NULL","NULL","NULL","NULL","NULL","NULL","group1195-120","NULL","NULL","NULL","NULL","NULL","NULL","NULL","NULL","NULL","2","1"
"36","NULL","NULL","NULL","NULL","NULL","NULL","shape1196-124","NULL","NULL","NULL","NULL","NULL","NULL","NULL","NULL","NULL","2","1"
"37","NULL","NULL","NULL","NULL","NULL","NULL","group1199-127","NULL","NULL","NULL","NULL","NULL","NULL","NULL","NULL","NULL","2","1"
"38","NULL","NULL","NULL","NULL","NULL","NULL","shape1200-131","NULL","NULL","NULL","NULL","NULL","NULL","NULL","NULL","NULL","2","1"
"39","NULL","NULL","NULL","NULL","NULL","NULL","group1203-134","NULL","NULL","NULL","NULL","NULL","NULL","NULL","NULL","NULL","2","1"
"40","NULL","NULL","NULL","NULL","NULL","NULL","shape1204-138","NULL","NULL","NULL","NULL","NULL","NULL","NULL","NULL","NULL","2","1"
"41","NULL","NULL","NULL","NULL","NULL","NULL","group1207-141","NULL","NULL","NULL","NULL","NULL","NULL","NULL","NULL","NULL","2","1"
"42","NULL","NULL","NULL","NULL","NULL","NULL","shape1208-145","NULL","NULL","NULL","NULL","NULL","NULL","NULL","NULL","NULL","2","1"
"43","NULL","NULL","NULL","NULL","NULL","NULL","group1211-148","NULL","NULL","NULL","NULL","NULL","NULL","NULL","NULL","NULL","2","1"
"44","NULL","NULL","NULL","NULL","NULL","NULL","shape1212-152","NULL","NULL","NULL","NULL","NULL","NULL","NULL","NULL","NULL","2","1"
"45","NULL","NULL","NULL","NULL","NULL","NULL","group1215-155","NULL","NULL","NULL","NULL","NULL","NULL","NULL","NULL","NULL","2","1"
"46","NULL","NULL","NULL","NULL","NULL","NULL","shape1216-159","NULL","NULL","NULL","NULL","NULL","NULL","NULL","NULL","NULL","2","1"
"47","NULL","NULL","NULL","NULL","NULL","NULL","group1219-162","NULL","NULL","NULL","NULL","NULL","NULL","NULL","NULL","NULL","2","1"
"48","NULL","NULL","NULL","NULL","NULL","NULL","shape1220-166","NULL","NULL","NULL","NULL","NULL","NULL","NULL","NULL","NULL","2","1"
"49","NULL","NULL","NULL","NULL","NULL","NULL","group1223-169","NULL","NULL","NULL","NULL","NULL","NULL","NULL","NULL","NULL","2","1"
"50","NULL","NULL","NULL","NULL","NULL","NULL","shape1224-173","NULL","NULL","NULL","NULL","NULL","NULL","NULL","NULL","NULL","2","1"
"51","NULL","NULL","NULL","NULL","NULL","NULL","group1227-176","NULL","NULL","NULL","NULL","NULL","NULL","NULL","NULL","NULL","2","1"
"52","NULL","NULL","NULL","NULL","NULL","NULL","shape1228-180","NULL","NULL","NULL","NULL","NULL","NULL","NULL","NULL","NULL","2","1"
"53","NULL","NULL","NULL","NULL","NULL","NULL","group1231-183","NULL","NULL","NULL","NULL","NULL","NULL","NULL","NULL","NULL","2","1"
"54","NULL","NULL","NULL","NULL","NULL","NULL","shape1232-187","NULL","NULL","NULL","NULL","NULL","NULL","NULL","NULL","NULL","2","1"
"55","NULL","NULL","NULL","NULL","NULL","NULL","group1235-190","NULL","NULL","NULL","NULL","NULL","NULL","NULL","NULL","NULL","2","1"
"56","NULL","NULL","NULL","NULL","NULL","NULL","shape1236-194","NULL","NULL","NULL","NULL","NULL","NULL","NULL","NULL","NULL","2","1"
"57","NULL","NULL","NULL","NULL","NULL","NULL","group1239-197","NULL","NULL","NULL","NULL","NULL","NULL","NULL","NULL","NULL","2","1"
"58","NULL","NULL","NULL","NULL","NULL","NULL","shape1240-201","NULL","NULL","NULL","NULL","NULL","NULL","NULL","NULL","NULL","2","1"
"59","NULL","NULL","NULL","NULL","NULL","NULL","group1243-204","NULL","NULL","NULL","NULL","NULL","NULL","NULL","NULL","NULL","2","1"
"60","NULL","NULL","NULL","NULL","NULL","NULL","shape1244-208","NULL","NULL","NULL","NULL","NULL","NULL","NULL","NULL","NULL","2","1"
"61","NULL","NULL","NULL","NULL","NULL","NULL","group1247-211","NULL","NULL","NULL","NULL","NULL","NULL","NULL","NULL","NULL","2","1"
"62","NULL","NULL","NULL","NULL","NULL","NULL","shape1248-215","NULL","NULL","NULL","NULL","NULL","NULL","NULL","NULL","NULL","2","1"
"63","NULL","NULL","NULL","NULL","NULL","NULL","group1251-218","NULL","NULL","NULL","NULL","NULL","NULL","NULL","NULL","NULL","2","1"
"64","NULL","NULL","NULL","NULL","NULL","NULL","shape1252-222","NULL","NULL","NULL","NULL","NULL","NULL","NULL","NULL","NULL","2","1"
"65","NULL","NULL","NULL","NULL","NULL","NULL","group1255-225","NULL","NULL","NULL","NULL","NULL","NULL","NULL","NULL","NULL","2","1"
"66","NULL","NULL","NULL","NULL","NULL","NULL","shape1256-229","NULL","NULL","NULL","NULL","NULL","NULL","NULL","NULL","NULL","2","1"
"67","NULL","NULL","NULL","NULL","NULL","NULL","group1045-232","NULL","NULL","NULL","NULL","NULL","NULL","NULL","NULL","NULL","2","1"
"68","NULL","NULL","NULL","NULL","NULL","NULL","shape1046-236","NULL","NULL","NULL","NULL","NULL","NULL","NULL","NULL","NULL","2","1"
"69","NULL","NULL","NULL","NULL","NULL","NULL","group1055-239","NULL","NULL","NULL","NULL","NULL","NULL","NULL","NULL","NULL","2","1"
"70","NULL","NULL","NULL","NULL","NULL","NULL","shape1056-243","NULL","NULL","NULL","NULL","NULL","NULL","NULL","NULL","NULL","2","1"
"71","NULL","NULL","NULL","NULL","NULL","NULL","group1008-246","NULL","NULL","NULL","NULL","NULL","NULL","NULL","NULL","NULL","2","1"
"72","NULL","NULL","NULL","NULL","NULL","NULL","shape1009-251","NULL","NULL","NULL","NULL","NULL","NULL","NULL","NULL","NULL","2","1"
"73","NULL","NULL","NULL","NULL","NULL","NULL","group1111-254","NULL","NULL","NULL","NULL","NULL","NULL","NULL","NULL","NULL","2","1"
"74","NULL","NULL","NULL","NULL","NULL","NULL","shape1112-258","NULL","NULL","NULL","NULL","NULL","NULL","NULL","NULL","NULL","2","1"
"75","NULL","NULL","NULL","NULL","NULL","NULL","group1311-261","NULL","NULL","NULL","NULL","NULL","NULL","NULL","NULL","NULL","2","1"
"76","NULL","NULL","NULL","NULL","NULL","NULL","shape1312-265","NULL","NULL","NULL","NULL","NULL","NULL","NULL","NULL","NULL","2","1"
"77","NULL","NULL","NULL","NULL","NULL","NULL","shape1314-268","NULL","NULL","NULL","NULL","NULL","NULL","NULL","NULL","NULL","2","1"
"78","NULL","NULL","NULL","NULL","NULL","NULL","shape1315-270","NULL","NULL","NULL","NULL","NULL","NULL","NULL","NULL","NULL","2","1"
"79","NULL","NULL","NULL","NULL","NULL","NULL","shape1316-272","NULL","NULL","NULL","NULL","NULL","NULL","NULL","NULL","NULL","2","1"
"80","NULL","NULL","NULL","NULL","NULL","NULL","shape1317-274","NULL","NULL","NULL","NULL","NULL","NULL","NULL","NULL","NULL","2","1"
"81","NULL","NULL","NULL","NULL","NULL","NULL","shape1318-276","NULL","NULL","NULL","NULL","NULL","NULL","NULL","NULL","NULL","2","1"
"82","NULL","NULL","NULL","NULL","NULL","NULL","shape1319-278","NULL","NULL","NULL","NULL","NULL","NULL","NULL","NULL","NULL","2","1"
"83","NULL","NULL","NULL","NULL","NULL","NULL","shape1320-280","NULL","NULL","NULL","NULL","NULL","NULL","NULL","NULL","NULL","2","1"
"84","NULL","NULL","NULL","NULL","NULL","NULL","shape1321-282","NULL","NULL","NULL","NULL","NULL","NULL","NULL","NULL","NULL","2","1"
"85","NULL","NULL","NULL","NULL","NULL","NULL","shape1322-284","NULL","NULL","NULL","NULL","NULL","NULL","NULL","NULL","NULL","2","1"
"86","NULL","NULL","NULL","NULL","NULL","NULL","shape1323-286","NULL","NULL","NULL","NULL","NULL","NULL","NULL","NULL","NULL","2","1"
"87","NULL","NULL","NULL","NULL","NULL","NULL","shape1324-288","NULL","NULL","NULL","NULL","NULL","NULL","NULL","NULL","NULL","2","1"
"88","NULL","NULL","NULL","NULL","NULL","NULL","shape1325-290","NULL","NULL","NULL","NULL","NULL","NULL","NULL","NULL","NULL","2","1"
"89","NULL","NULL","NULL","NULL","NULL","NULL","shape1326-292","NULL","NULL","NULL","NULL","NULL","NULL","NULL","NULL","NULL","2","1"
"90","NULL","NULL","NULL","NULL","NULL","NULL","shape1327-294","NULL","NULL","NULL","NULL","NULL","NULL","NULL","NULL","NULL","2","1"
"91","NULL","NULL","NULL","NULL","NULL","NULL","shape1328-296","NULL","NULL","NULL","NULL","NULL","NULL","NULL","NULL","NULL","2","1"
"92","NULL","NULL","NULL","NULL","NULL","NULL","shape1329-298","NULL","NULL","NULL","NULL","NULL","NULL","NULL","NULL","NULL","2","1"
"93","NULL","NULL","NULL","NULL","NULL","NULL","shape1330-300","NULL","NULL","NULL","NULL","NULL","NULL","NULL","NULL","NULL","2","1"
"94","NULL","NULL","NULL","NULL","NULL","NULL","shape1331-302","NULL","NULL","NULL","NULL","NULL","NULL","NULL","NULL","NULL","2","1"
"95","NULL","NULL","NULL","NULL","NULL","NULL","shape1332-304","NULL","NULL","NULL","NULL","NULL","NULL","NULL","NULL","NULL","2","1"
"96","NULL","NULL","NULL","NULL","NULL","NULL","shape1333-306","NULL","NULL","NULL","NULL","NULL","NULL","NULL","NULL","NULL","2","1"
"97","NULL","NULL","NULL","NULL","NULL","NULL","shape1334-308","NULL","NULL","NULL","NULL","NULL","NULL","NULL","NULL","NULL","2","1"
"98","NULL","NULL","NULL","NULL","NULL","NULL","shape1335-310","NULL","NULL","NULL","NULL","NULL","NULL","NULL","NULL","NULL","2","1"
"99","NULL","NULL","NULL","NULL","NULL","NULL","shape1336-312","NULL","NULL","NULL","NULL","NULL","NULL","NULL","NULL","NULL","2","1"
"100","NULL","NULL","NULL","NULL","NULL","NULL","shape1337-314","NULL","NULL","NULL","NULL","NULL","NULL","NULL","NULL","NULL","2","1"
"101","NULL","NULL","NULL","NULL","NULL","NULL","shape1338-316","NULL","NULL","NULL","NULL","NULL","NULL","NULL","NULL","NULL","2","1"
"102","NULL","NULL","NULL","NULL","NULL","NULL","shape1339-318","NULL","NULL","NULL","NULL","NULL","NULL","NULL","NULL","NULL","2","1"
"103","NULL","NULL","NULL","NULL","NULL","NULL","shape1340-320","NULL","NULL","NULL","NULL","NULL","NULL","NULL","NULL","NULL","2","1"
"104","NULL","NULL","NULL","NULL","NULL","NULL","shape1341-322","NULL","NULL","NULL","NULL","NULL","NULL","NULL","NULL","NULL","2","1"
"105","NULL","NULL","NULL","NULL","NULL","NULL","shape1342-324","NULL","NULL","NULL","NULL","NULL","NULL","NULL","NULL","NULL","2","1"
"106","NULL","NULL","NULL","NULL","NULL","NULL","shape1343-326","NULL","NULL","NULL","NULL","NULL","NULL","NULL","NULL","NULL","2","1"
"107","NULL","NULL","NULL","NULL","NULL","NULL","shape1344-328","NULL","NULL","NULL","NULL","NULL","NULL","NULL","NULL","NULL","2","1"
"108","NULL","NULL","NULL","NULL","NULL","NULL","shape1345-330","NULL","NULL","NULL","NULL","NULL","NULL","NULL","NULL","NULL","2","1"
"109","NULL","NULL","NULL","NULL","NULL","NULL","shape1346-332","NULL","NULL","NULL","NULL","NULL","NULL","NULL","NULL","NULL","2","1"
"110","NULL","NULL","NULL","NULL","NULL","NULL","shape1347-334","NULL","NULL","NULL","NULL","NULL","NULL","NULL","NULL","NULL","2","1"
"111","NULL","NULL","NULL","NULL","NULL","NULL","shape1348-336","NULL","NULL","NULL","NULL","NULL","NULL","NULL","NULL","NULL","2","1"
"112","NULL","NULL","NULL","NULL","NULL","NULL","shape1349-338","NULL","NULL","NULL","NULL","NULL","NULL","NULL","NULL","NULL","2","1"
"113","NULL","NULL","NULL","NULL","NULL","NULL","shape1004-7","NULL","NULL","NULL","NULL","NULL","NULL","NULL","NULL","NULL","2","1"
"114","NULL","NULL","NULL","NULL","NULL","NULL","shape1005-11","NULL","NULL","NULL","NULL","NULL","NULL","NULL","NULL","NULL","2","1"
"115","NULL","NULL","NULL","NULL","NULL","NULL","shape1059-15","NULL","NULL","NULL","NULL","NULL","NULL","NULL","NULL","NULL","2","1"
"116","NULL","NULL","NULL","NULL","NULL","NULL","shape1063-22","NULL","NULL","NULL","NULL","NULL","NULL","NULL","NULL","NULL","2","1"
"117","NULL","NULL","NULL","NULL","NULL","NULL","shape1067-29","NULL","NULL","NULL","NULL","NULL","NULL","NULL","NULL","NULL","2","1"
"118","NULL","NULL","NULL","NULL","NULL","NULL","shape1071-36","NULL","NULL","NULL","NULL","NULL","NULL","NULL","NULL","NULL","2","1"
"119","NULL","NULL","NULL","NULL","NULL","NULL","shape1075-43","NULL","NULL","NULL","NULL","NULL","NULL","NULL","NULL","NULL","2","1"
"120","NULL","NULL","NULL","NULL","NULL","NULL","shape1079-50","NULL","NULL","NULL","NULL","NULL","NULL","NULL","NULL","NULL","2","1"
"121","NULL","NULL","NULL","NULL","NULL","NULL","shape1083-57","NULL","NULL","NULL","NULL","NULL","NULL","NULL","NULL","NULL","2","1"
"122","NULL","NULL","NULL","NULL","NULL","NULL","shape1087-65","NULL","NULL","NULL","NULL","NULL","NULL","NULL","NULL","NULL","2","1"
"123","NULL","NULL","NULL","NULL","NULL","NULL","shape1091-72","NULL","NULL","NULL","NULL","NULL","NULL","NULL","NULL","NULL","2","1"
"124","NULL","NULL","NULL","NULL","NULL","NULL","shape1095-79","NULL","NULL","NULL","NULL","NULL","NULL","NULL","NULL","NULL","2","1"
"125","NULL","NULL","NULL","NULL","NULL","NULL","shape1099-86","NULL","NULL","NULL","NULL","NULL","NULL","NULL","NULL","NULL","2","1"
"126","NULL","NULL","NULL","NULL","NULL","NULL","shape1103-93","NULL","NULL","NULL","NULL","NULL","NULL","NULL","NULL","NULL","2","1"
"127","NULL","NULL","NULL","NULL","NULL","NULL","shape1107-100","NULL","NULL","NULL","NULL","NULL","NULL","NULL","NULL","NULL","2","1"
"128","NULL","NULL","NULL","NULL","NULL","NULL","shape1187-107","NULL","NULL","NULL","NULL","NULL","NULL","NULL","NULL","NULL","2","1"
"129","NULL","NULL","NULL","NULL","NULL","NULL","shape1191-114","NULL","NULL","NULL","NULL","NULL","NULL","NULL","NULL","NULL","2","1"
"130","NULL","NULL","NULL","NULL","NULL","NULL","shape1195-121","NULL","NULL","NULL","NULL","NULL","NULL","NULL","NULL","NULL","2","1"
"131","NULL","NULL","NULL","NULL","NULL","NULL","shape1199-128","NULL","NULL","NULL","NULL","NULL","NULL","NULL","NULL","NULL","2","1"
"132","NULL","NULL","NULL","NULL","NULL","NULL","shape1203-135","NULL","NULL","NULL","NULL","NULL","NULL","NULL","NULL","NULL","2","1"
"133","NULL","NULL","NULL","NULL","NULL","NULL","shape1207-142","NULL","NULL","NULL","NULL","NULL","NULL","NULL","NULL","NULL","2","1"
"134","NULL","NULL","NULL","NULL","NULL","NULL","shape1211-149","NULL","NULL","NULL","NULL","NULL","NULL","NULL","NULL","NULL","2","1"
"135","NULL","NULL","NULL","NULL","NULL","NULL","shape1215-156","NULL","NULL","NULL","NULL","NULL","NULL","NULL","NULL","NULL","2","1"
"136","NULL","NULL","NULL","NULL","NULL","NULL","shape1219-163","NULL","NULL","NULL","NULL","NULL","NULL","NULL","NULL","NULL","2","1"
"137","NULL","NULL","NULL","NULL","NULL","NULL","shape1223-170","NULL","NULL","NULL","NULL","NULL","NULL","NULL","NULL","NULL","2","1"
"138","NULL","NULL","NULL","NULL","NULL","NULL","shape1227-177","NULL","NULL","NULL","NULL","NULL","NULL","NULL","NULL","NULL","2","1"
"139","NULL","NULL","NULL","NULL","NULL","NULL","shape1231-184","NULL","NULL","NULL","NULL","NULL","NULL","NULL","NULL","NULL","2","1"
"140","NULL","NULL","NULL","NULL","NULL","NULL","shape1235-191","NULL","NULL","NULL","NULL","NULL","NULL","NULL","NULL","NULL","2","1"
"141","NULL","NULL","NULL","NULL","NULL","NULL","shape1239-198","NULL","NULL","NULL","NULL","NULL","NULL","NULL","NULL","NULL","2","1"
"142","NULL","NULL","NULL","NULL","NULL","NULL","shape1243-205","NULL","NULL","NULL","NULL","NULL","NULL","NULL","NULL","NULL","2","1"
"143","NULL","NULL","NULL","NULL","NULL","NULL","shape1247-212","NULL","NULL","NULL","NULL","NULL","NULL","NULL","NULL","NULL","2","1"
"144","NULL","NULL","NULL","NULL","NULL","NULL","shape1251-219","NULL","NULL","NULL","NULL","NULL","NULL","NULL","NULL","NULL","2","1"
"145","NULL","NULL","NULL","NULL","NULL","NULL","shape1255-226","NULL","NULL","NULL","NULL","NULL","NULL","NULL","NULL","NULL","2","1"
"146","NULL","NULL","NULL","NULL","NULL","NULL","shape1045-233","NULL","NULL","NULL","NULL","NULL","NULL","NULL","NULL","NULL","2","1"
"147","NULL","NULL","NULL","NULL","NULL","NULL","shape1055-240","NULL","NULL","NULL","NULL","NULL","NULL","NULL","NULL","NULL","2","1"
"148","NULL","NULL","NULL","NULL","NULL","NULL","shape1008-247","NULL","NULL","NULL","NULL","NULL","NULL","NULL","NULL","NULL","2","1"
"149","NULL","NULL","NULL","NULL","NULL","NULL","shape1111-255","NULL","NULL","NULL","NULL","NULL","NULL","NULL","NULL","NULL","2","1"
"150","NULL","NULL","NULL","NULL","NULL","NULL","shape1311-262","NULL","NULL","NULL","NULL","NULL","NULL","NULL","NULL","NULL","2","1"
