"id","attributes","dataset_type","description","exp_status","name","organization","schemajson","type","backing_dataset","dataset_schema","datasource","lastmodifiedby","lastmodifieddate","alias","context","is_approval_required","is_permission_managed","is_inbox_required","is_audit_required","is_archival_enabled","archival_config","dashboard","metadata","modeltype","views","taskdetails","tags","interfacetype","adaptername","isadapteractive"
"875","{\"filter\":\"\",\"mode\":\"query\",\"Query\":\"SELECT * FROM invoice_processing_2507\",\"Cacheable\":false,\"isStreaming\":\"false\",\"Headers\":\"\",\"defaultValues\":\"\",\"QueryParams\":\"\",\"writeMode\":\"append\",\"params\":\"{\'ProcessName\':\'proc_def_key_\'}\",\"tableName\":\"\",\"uniqueIdentifier\":\"BID\"}",NULL,"StatusWiseCases",NULL,"LEOSTSWS88626","leo1311",NULL,"r",NULL,NULL,"LEOLPDML59680","edlin.edwinjacob@infosys.com","2024-03-27 08:00:40.066378","StatusWiseCases",NULL,"","","","",NULL,NULL,NULL,NULL,NULL,"Table View","[]","[]",NULL,NULL,NULL
"842","{\"filter\":\"\",\"mode\":\"query\",\"Query\":\"SELECT pop AS POP,  short_description AS \\\"Short Description\\\", MONTH AS Month,  category AS Category,  popValueInLocalCurrency AS Currency,  popCurrency AS \\\"Pop Currency\\\" FROM  daimler WHERE pop IS NOT NULL AND short_description IS NOT NULL AND MONTH IS NOT NULL AND category IS NOT NULL AND popValueInLocalCurrency IS NOT NULL AND popCurrency IS NOT NULL\\nAND LENGTH(pop)>0 AND LENGTH (short_description)>0;\",\"Cacheable\":false,\"isStreaming\":\"false\",\"Headers\":\"\",\"defaultValues\":\"\",\"QueryParams\":\"\",\"writeMode\":\"append\",\"params\":\"{}\",\"tableName\":\"Daimler\",\"uniqueIdentifier\":\"\"}",NULL,"LEAP Daimler",NULL,"LEOLPDML96262","leo1311",NULL,"rw",NULL,NULL,"LEOLPDML59680","edlin.edwinjacob@infosys.com","2024-03-28 05:59:39.506468","LEAP Daimler",NULL,"","","","",NULL,NULL,NULL,NULL,NULL,"Table View","[]","[]",NULL,NULL,NULL
"843","{\"filter\":\"\",\"mode\":\"query\",\"Query\":\" WITH  statusdata AS (SELECT CAST(event_time AS DATE) AS \'TransactionDate\' ,USER,CASE WHEN COMMENTS LIKE \\\"%Send For Clarification%\\\" THEN \'ClarificationRequired\' WHEN \\ncomments LIKE \'%send for auditing%\' THEN \'sendForAuditing\' WHEN comments LIKE \'%audit rejected%\' THEN \'auditRejected\' WHEN comments LIKE \'%audit approved%\'\\nTHEN \'auditApproved\' WHEN comments LIKE \'%re-opened%\' THEN \'re-opened\' WHEN comments LIKE \'%completed%\' THEN \'Completed\' END AS STATUS \\nFROM icm_audit ), \\nstatuscount AS (SELECT transactiondate, USER , STATUS, COUNT(STATUS) AS taskcount FROM statusdata GROUP BY transactiondate, USER , STATUS)\\nSELECT transactionDate AS \\\"Transaction Date\\\", USER AS \\\"User\\\", SUM(IF(STATUS = \'ClarificationRequired\', taskcount, 0)) AS \\\"Clarification Required\\\",\\nSUM(IF(STATUS = \'sendForAuditing\', taskcount, 0)) AS \\\"Send For Audit\\\",\\nSUM(IF(STATUS = \'auditRejected\', taskcount, 0)) AS \\\"Audit Rejected\\\",\\nSUM(IF(STATUS = \'auditApproved\', taskcount, 0)) AS \\\"Audit Approved\\\",\\nSUM(IF(STATUS = \'Completed\', taskcount, 0)) AS Completed,\\nSUM(IF(STATUS = \'re-opened\', taskcount, 0)) AS Reopened,\\nSUM( taskcount) AS \\\"Total Case Worked On\\\" FROM statuscount \\nWHERE USER= {username} AND  (TransactionDate BETWEEN  DATE({startDate})  AND DATE({endDate})) \\nGROUP BY transactiondate, USER ORDER BY Completed DESC, \\\"Clarification Required\\\" DESC, \\\"Send For Audit\\\" DESC,\\n\\\"Audit Rejected\\\" DESC, \\\"Audit Approved\\\" DESC, Reopened DESC \",\"Cacheable\":false,\"isStreaming\":\"false\",\"Headers\":\"\",\"defaultValues\":\"\",\"QueryParams\":\"\",\"writeMode\":\"append\",\"params\":\"{ \'startDate\' : \\\"\'2020-12-30\'\\\",\'username\':\'User\' ,\'endDate\':  \\\"\'2100-12-30\'\\\"}\",\"tableName\":\"daimler\",\"uniqueIdentifier\":\"\"}",NULL,"AgentProductivity",NULL,"LEOAGNTP68238","leo1311",NULL,"rw",NULL,NULL,"LEOLPDML59680","edlin.edwinjacob@infosys.com","2024-03-28 05:59:17.350888","AgentProductivity",NULL,"","","","",NULL,NULL,NULL,NULL,NULL,"Table View","[]","[]",NULL,NULL,NULL
"844","{\"filter\":\"\",\"mode\":\"query\",\"Query\":\"SELECT\\nCOUNT(*) AS \'Number of the cases created per month\', DATE_FORMAT(t1.Start_time_,\'%b %Y\') AS \'Case Month\',\\n business_key_ AS \'Case Id\', t0.Proc_def_key_ AS \'Process\',assignee_ AS \'Agent\', t1.Start_time_ AS \\n\'Case Created Date\',t1.due_date_ AS \'Expected Closure Date\',\\nt1.end_time_ AS \'Actual Closure Date\',\\nCONCAT(CONVERT(FLOOR(t1.duration_ / (1000 * 60 * 60 * 24)) , CHAR),\\n\\\"D \\\", CONVERT(FLOOR(t1.duration_ / (1000 * 60 * 60)) % 24 , CHAR),\\n\\\"m \\\" ,CONVERT(FLOOR(t1.duration_ / (1000 * 60)) % 60 , CHAR),\\\"h\\\") AS Duration, \\nCASE WHEN MAX(t0.end_time_) IS NULL AND NOW()<= t1.due_date_ THEN \'Inprogress\'\\nWHEN MAX(t0.end_time_) IS NULL AND NOW()> t1.due_date_ THEN \'No\' \\nWHEN MAX(t0.end_time_) IS NOT NULL AND MAX(t0.end_time_)<= t1.due_date_ THEN \'Yes\' \\nWHEN MAX(t0.end_time_) IS NOT NULL AND MAX(t0.end_time_)> t1.due_date_ THEN \'No\' \\nEND\\n AS \'SLA Status\' FROM ACT_HI_procinst t0 JOIN ACT_HI_taskinst t1 ON\\nt0.PROC_INST_ID_=t1.PROC_INST_ID_ \\n\\nWHERE business_key_ IS NOT NULL  AND  t0.PROC_DEF_KEY_ ={processname} \\nAND (t1.START_TIME_ BETWEEN DATE({startDate}) AND DATE({endDate})) GROUP BY  t0.proc_inst_id_, Business_key_ , t0.Proc_def_key_, \'Case Month\' ORDER BY \'Case Month\' ASC\",\"Cacheable\":false,\"isStreaming\":\"false\",\"Headers\":\"\",\"defaultValues\":\"\",\"QueryParams\":\"\",\"writeMode\":\"append\",\"params\":\"{\'processname\':\'t0.PROC_DEF_KEY_\' , \'startDate\' : \\\"\'2020-12-30\'\\\" ,\'endDate\':  \\\"\'2100-12-30\'\\\"}\",\"tableName\":\"daimler\",\"uniqueIdentifier\":\"\"}",NULL,"SLA Report",NULL,"LEOSLRPR45433","leo1311",NULL,"rw",NULL,NULL,"LEOLPDML59680","edlin.edwinjacob@infosys.com","2024-03-28 05:58:47.536592","SLA Report",NULL,"","","","",NULL,NULL,NULL,NULL,NULL,"Table View","[]","[]",NULL,NULL,NULL
"845","{\"filter\":\"\",\"mode\":\"query\",\"Query\":\"SELECT  t0.Business_key_ AS \'Case Id\',t0.Proc_def_key_ AS \'Process Name\',CAST(t0.start_time_ AS DATE) AS \'Created Date\' ,t0.text_ AS \'Status\',\\n  t2.text_ AS \'Subject Line\',assignee_ AS \'Current Owner\' ,t1.Text_ AS \'Requestor\', t4.text_ AS \'Updated Date\' FROM \\n  (SELECT t0.proc_inst_id_, Business_key_ , t0.Proc_def_key_,  start_time_ ,Text_  FROM ACT_HI_PROCINST t0 INNER JOIN ACT_HI_VARINST t1 ON\\n (t0.PROC_INST_ID_ = t1.PROC_INST_ID_) WHERE Name_ LIKE \\\"status\\\"  ) t0\\n  JOIN \\n(SELECT t0.proc_inst_id_, Business_key_ , t0.Proc_def_key_,  start_time_  ,Text_  FROM ACT_HI_PROCINST t0 INNER JOIN ACT_HI_VARINST t1 ON\\n (t0.PROC_INST_ID_ = t1.PROC_INST_ID_) WHERE Name_ LIKE \\\"requested_by\\\"  ) t1 \\n JOIN\\n (SELECT t0.proc_inst_id_, Business_key_ , t0.Proc_def_key_,  start_time_  ,Text_  FROM ACT_HI_PROCINST t0 INNER JOIN ACT_HI_VARINST t1 ON\\n (t0.PROC_INST_ID_ = t1.PROC_INST_ID_) WHERE Name_ LIKE \\\"short_description\\\"  ) t2\\n\\n JOIN \\n  (SELECT t0.proc_inst_id_, Business_key_ , t0.Proc_def_key_,  start_time_  ,Text_  FROM ACT_HI_PROCINST t0 INNER JOIN ACT_HI_VARINST t1 ON\\n (t0.PROC_INST_ID_ = t1.PROC_INST_ID_) WHERE Name_ LIKE \\\"last_updated_date\\\"  ) t4\\n JOIN\\n (SELECT proc_inst_id_,assignee_  FROM ACT_HI_actinst)  t5\\n ON t0.Business_key_=t1.Business_key_ AND t1.Business_key_=t2.Business_key_  AND t1.Business_key_=t4.Business_key_ \\n AND t0.proc_inst_id_=t5.proc_inst_id_\\n \\n AND t0.Proc_def_key_ ={processname} AND (CAST(t0.start_time_ AS DATE)BETWEEN  DATE({startDate})  AND DATE({endDate}))  AND t0.TEXT_={statusname}\\n GROUP BY t0.Business_key_\",\"Cacheable\":false,\"isStreaming\":\"false\",\"Headers\":\"\",\"defaultValues\":\"\",\"QueryParams\":\"\",\"writeMode\":\"append\",\"params\":\"{ \'startDate\' : \\\"\'2020-12-30\'\\\" ,\'endDate\':  \\\"\'2100-12-30\'\\\",\'processname\':\'t0.Proc_def_key_\',\'statusname\':\'t0.text_\'}\",\"tableName\":\"daimler\",\"uniqueIdentifier\":\"\"}",NULL,"Status Report",NULL,"LEOSTSRP48773","leo1311",NULL,"rw",NULL,NULL,"LEOLPDML59680","edlin.edwinjacob@infosys.com","2024-03-28 06:00:46.565571","Status Report",NULL,"","","","",NULL,NULL,NULL,NULL,NULL,"Table View",NULL,"[]",NULL,NULL,NULL
"846","{\"filter\":\"\",\"mode\":\"query\",\"Query\":\"SELECT DATE_FORMAT(START_TIME_,\'%b %Y\') AS DATE,COUNT(BUSINESS_KEY_) AS COUNT  FROM act_hi_procinst\\nWHERE TENANT_ID_=\'InfosysBizOps\' \\nAND PROC_DEF_KEY_   = \'InvoiceProcessing\'   and (DATE(START_TIME_)  BETWEEN  DATE({startDate})  AND DATE({endDate})) \\nGROUP BY DATE(START_TIME_) ORDER BY  YEAR(START_TIME_) DESC, MONTH(START_TIME_) DESC\",\"Cacheable\":false,\"isStreaming\":\"false\",\"Headers\":\"\",\"defaultValues\":\"\",\"QueryParams\":\"\",\"writeMode\":\"append\",\"params\":\"{ \'startDate\' : \\\"\'2020-12-30\'\\\" ,\'endDate\':  \\\"\'2100-12-30\'\\\"}\",\"tableName\":\"\",\"uniqueIdentifier\":\"\"}",NULL,"DailyCases",NULL,"LEODLYCS35387","leo1311",NULL,"rw",NULL,NULL,"LEOLPDML59680","edlin.edwinjacob@infosys.com","2024-03-28 06:01:49.511591","DailyCases",NULL,"","","","",NULL,NULL,NULL,NULL,NULL,"Table View",NULL,"[]",NULL,NULL,NULL
"847","{\"filter\":\"\",\"mode\":\"query\",\"Query\":\"SELECT DATE_FORMAT(START_TIME_,'%b %Y') AS DATE, COUNT(BUSINESS_KEY_) AS COUNT  FROM act_hi_procinst\\nWHERE TENANT_ID_='InfosysBizOps' \\nAND PROC_DEF_KEY_   = 'InvoiceProcessing'   and (DATE(START_TIME_)  BETWEEN  DATE({startDate})  AND DATE({endDate}))  \\nGROUP BY DATE(END_TIME_) ORDER BY  YEAR(START_TIME_) DESC, MONTH(START_TIME_) DESC\",\"Cacheable\":false,\"isStreaming\":\"false\",\"Headers\":\"\",\"defaultValues\":\"\",\"QueryParams\":\"\",\"writeMode\":\"append\",\"params\":\"{ 'startDate' : \\\"'2020-12-30'\\\" ,'endDate':  \\\"'2100-12-30'\\\"}\",\"tableName\":\"\",\"uniqueIdentifier\":\"\"}",NULL,"DailyCompletedCases",NULL,"LEODLYCM55490","leo1311",NULL,"rw",NULL,NULL,"LEOLPDML59680","edlin.edwinjacob@infosys.com","2024-03-28 06:02:45.811678","DailyCompletedCases",NULL,"","","","",NULL,NULL,NULL,NULL,NULL,"Table View",NULL,"[]",NULL,NULL,NULL
"848","{\"filter\":\"\",\"mode\":\"query\",\"Query\":\"SELECT   CONCAT(UCASE(LEFT(TEXT_, 1)), SUBSTRING(TEXT_ , 2)) AS STATUS,COUNT(TEXT_) AS Status_Count FROM ACT_HI_PROCINST t0 INNER JOIN ACT_HI_VARINST t1 ON\\n (t0.PROC_INST_ID_ = t1.ACT_INST_ID_) WHERE Name_ LIKE \\\"status\\\"  AND t0.tenant_id_=\'InfosysBizOps\'\\n AND  (START_TIME_ BETWEEN  DATE({startDate})  AND DATE({endDate}))  \\n GROUP BY   TEXT_ ORDER BY  TEXT_ ASC\",\"Cacheable\":false,\"isStreaming\":\"false\",\"Headers\":\"\",\"defaultValues\":\"\",\"QueryParams\":\"\",\"writeMode\":\"append\",\"params\":\"{ \'startDate\' : \\\"\'2020-12-30\'\\\" ,\'endDate\':  \\\"\'2100-12-30\'\\\"}\",\"tableName\":\"\",\"uniqueIdentifier\":\"\"}",NULL,"Status Of Case Chart",NULL,"LEOSTSFC12308","leo1311",NULL,"rw",NULL,NULL,"LEOLPDML59680","edlin.edwinjacob@infosys.com","2024-03-28 06:03:59.279294","Status Of Case Chart",NULL,"","","","",NULL,NULL,NULL,NULL,NULL,"Table View",NULL,"[]",NULL,NULL,NULL
"849","{\"filter\":\"\",\"mode\":\"query\",\"Query\":\"SELECT  COUNT( *) AS \'TicketCount\' ,   \\n  CASE\\n    WHEN Age < 5 THEN \\\"Under 5 Days\\\"\\n    WHEN Age BETWEEN 5 AND 10 THEN \\\"5-10 Days\\\"\\n    WHEN Age BETWEEN 11 AND 15 THEN \\\"11-15 Days\\\"\\n     WHEN Age BETWEEN 16 AND 30 THEN \\\"16-30 Days\\\"\\n      WHEN Age BETWEEN 31 AND 60 THEN \\\"31-60 Days\\\"\\n       WHEN Age > 60  THEN \\\"Over 60  Days\\\"\\nEND \'Age Range\',\\nCASE\\n    WHEN Age < 5 THEN 1\\n    WHEN Age BETWEEN 5 AND 10 THEN 2\\n    WHEN Age BETWEEN 11 AND 15 THEN 3\\n     WHEN Age BETWEEN 16 AND 30 THEN 4\\n      WHEN Age BETWEEN 31 AND 60 THEN 5\\n       WHEN Age > 60  THEN 6\\nEND as  sorting\\n  FROM v_CaseAgeing   WHERE (DATE(START_TIME_)  BETWEEN  DATE({startDate})  AND DATE({endDate})) GROUP BY CASE\\n    WHEN Age >= 0 AND Age <=5 THEN \\\"0-5 Days\\\"\\n    WHEN Age > 5 AND Age <=10 THEN \\\"5-10 Days\\\"\\n    WHEN Age > 10 AND Age <=15 THEN \\\"10-15 Days\\\"\\n     WHEN Age > 15 AND Age <=30 THEN \\\"15-30 Days\\\"\\n      WHEN Age > 30 AND Age <=60 THEN \\\"30-60 Days\\\"\\n       WHEN Age > 60  THEN \\\">60  Days\\\" \\n\\nEND\\n\\nORDER BY sorting\\n\",\"Cacheable\":false,\"isStreaming\":\"false\",\"Headers\":\"\",\"defaultValues\":\"\",\"QueryParams\":\"\",\"writeMode\":\"append\",\"params\":\"{ \'startDate\' : \\\"\'2020-12-30\'\\\" ,\'endDate\':  \\\"\'2100-12-30\'\\\"}\",\"tableName\":\"\",\"uniqueIdentifier\":\"\"}",NULL,"Case By Ageing",NULL,"LEOCSBYG52637","leo1311",NULL,"rw",NULL,NULL,"LEOLPDML59680","edlin.edwinjacob@infosys.com","2024-03-28 06:04:57.450043","Case By Ageing",NULL,"","","","",NULL,NULL,NULL,NULL,NULL,"Table View",NULL,"[]",NULL,NULL,NULL
"850","{\"filter\":\"\",\"mode\":\"query\",\"Query\":\"  SELECT distinct text_ from ACT_HI_VARINST WHERE Name_ LIKE \\\"status\\\" and TENANT_ID_ =\'InfosysBizOps\';\",\"Cacheable\":false,\"isStreaming\":\"false\",\"Headers\":\"\",\"defaultValues\":\"\",\"QueryParams\":\"\",\"writeMode\":\"append\",\"params\":\"{}\",\"tableName\":\"\",\"uniqueIdentifier\":\"\"}",NULL,"GetAllStatus",NULL,"LEOGTLST35646","leo1311",NULL,"rw",NULL,NULL,"LEOLPDML59680","edlin.edwinjacob@infosys.com","2024-03-28 06:05:41.257252","GetAllStatus",NULL,"","","","",NULL,NULL,NULL,NULL,NULL,"Table View",NULL,"[]",NULL,NULL,NULL
"851","{\"filter\":\"\",\"mode\":\"query\",\"Query\":\"SELECT\\n  TransactionDate, proc_def_key_ as \'ProcessName\',\\n  sum(IF(status = \'New\', taskcount, 0)) AS New,\\n  sum(IF(status = \'Completed\', taskcount, 0)) AS Completed,\\n  sum(IF(status = \'ClarificationRequired\', taskcount, 0)) AS ClarificationRequired, \\n  sum(IF(status = \'SendForAuditing\', taskcount, 0)) AS SendForAuditing, \\n  sum(IF(status = \'AuditApproved\', taskcount, 0)) AS AuditApproved, \\n  sum(IF(status = \'AuditRejected\', taskcount, 0)) AS AuditRejected, \\n  sum(IF(status = \'ClarificationReceived\', taskcount, 0)) AS ClarificationReceived, \\n  sum(IF(status = \'re-opened\', taskcount, 0)) AS Reopen, \\n  sum( taskcount) AS TotalCaseWorkedOn\\n  FROM\\n ( select CAST(t0.event_time AS DATE) AS \'TransactionDate\' ,\'New\' as \'Status\',count(t0.businesskeyid) as\'TaskCount\',proc_def_key_ from \\n  icm_audit t0 join   ACT_HI_PROCINST t1 on t0.businesskeyid=t1.business_key_ and t0.event=\'CREATED\' and t1.tenant_id_=\'NGSC\' group by CAST(t0.event_time AS DATE) \\n union all\\n select CAST(t0.event_time AS DATE) AS \'TransactionDate\' ,\'Completed\' as \'Status\',count(t0.businesskeyid) as\'TaskCount\',proc_def_key_ from \\n  icm_audit t0 join   ACT_HI_PROCINST t1 on t0.businesskeyid=t1.business_key_ and t0.COMMENTS LIKE \\\"%Completed%\\\" and t1.tenant_id_=\'NGSC\' group by CAST(t0.event_time AS DATE) \\n Union all\\n  select CAST(t0.event_time AS DATE) AS \'TransactionDate\' ,\'ClarificationRequired\' as \'Status\',count(t0.businesskeyid) as\'TaskCount\',proc_def_key_ from \\n  icm_audit t0 join   ACT_HI_PROCINST t1 on t0.businesskeyid=t1.business_key_ and t0.COMMENTS LIKE \\\"%Send For Clarification%\\\" and t1.tenant_id_=\'NGSC\' group by CAST(t0.event_time AS DATE) \\n union all\\n select CAST(t0.event_time AS DATE) AS \'TransactionDate\' ,\'SendForAuditing\' as \'Status\',count(t0.businesskeyid) as\'TaskCount\',proc_def_key_ from \\n  icm_audit t0 join   ACT_HI_PROCINST t1 on t0.businesskeyid=t1.business_key_ and t0.COMMENTS LIKE \\\"%Send For Auditing%\\\" and t1.tenant_id_=\'NGSC\' group by CAST(t0.event_time AS DATE) \\n Union all\\n select CAST(t0.event_time AS DATE) AS \'TransactionDate\' ,\'AuditApproved\' as \'Status\',count(t0.businesskeyid) as\'TaskCount\',proc_def_key_ from \\n icm_audit t0 join   ACT_HI_PROCINST t1 on t0.businesskeyid=t1.business_key_ and t0.COMMENTS LIKE \\\"%audit Approved%\\\" and t1.tenant_id_=\'NGSC\' group by CAST(t0.event_time AS DATE) \\n Union all\\n select CAST(t0.event_time AS DATE) AS \'TransactionDate\' ,\'AuditRejected\' as \'Status\',count(t0.businesskeyid) as\'TaskCount\',proc_def_key_ from \\n  icm_audit t0 join   ACT_HI_PROCINST t1 on t0.businesskeyid=t1.business_key_ and t0.COMMENTS LIKE \\\"%audit Rejected%\\\" and t1.tenant_id_=\'NGSC\' group by CAST(t0.event_time AS DATE) \\n Union all\\n  select CAST(t0.event_time AS DATE) AS \'TransactionDate\' ,\'ClarificationReceived\' as \'Status\',count(t0.businesskeyid) as\'TaskCount\',proc_def_key_ from \\n  icm_audit t0 join   ACT_HI_PROCINST t1 on t0.businesskeyid=t1.business_key_ and t0.COMMENTS LIKE \\\"%Clarification mail received%\\\" and t1.tenant_id_=\'NGSC\' group by CAST(t0.event_time AS DATE) \\n   Union all\\n  select CAST(t0.event_time AS DATE) AS \'TransactionDate\' ,\'re-opened\' as \'Status\',count(t0.businesskeyid) as\'TaskCount\',proc_def_key_ from \\n  icm_audit t0 join   ACT_HI_PROCINST t1 on t0.businesskeyid=t1.business_key_ and t0.COMMENTS LIKE \\\"%re-opened%\\\" and t1.tenant_id_=\'NGSC\' group by CAST(t0.event_time AS DATE) \\n ) p\\nWHERE\\np.status in (\'ClarificationRequired\',\'Completed\',\'New\',\'ExtractSAPData\',\'re-opened\',\'ExtractionCompleted\',\'ClarificationReceived\' ,\'SendForAuditing\',\'AuditApproved\',\'AuditRejected\')  \\nAND (TransactionDate BETWEEN  DATE({startDate})  AND DATE({endDate}) )  \\nGROUP BY TransactionDate,proc_def_key_ order by TransactionDate,proc_def_key_\",\"Cacheable\":false,\"isStreaming\":\"false\",\"Headers\":\"\",\"defaultValues\":\"\",\"QueryParams\":\"\",\"writeMode\":\"append\",\"params\":\"{\\\"endDate\\\":\\\"\'2100-12-30\'\\\",\\\"startDate\\\":\\\"\'2020-12-30\'\\\"}\",\"tableName\":\"\",\"uniqueIdentifier\":\"\"}",NULL,"Volume Report",NULL,"LEOVLMRP67526","leo1311",NULL,"r",NULL,NULL,"LEOLPDML59680","edlin.edwinjacob@infosys.com","2024-03-28 11:22:15.154592","Volume Report",NULL,"","","","",NULL,NULL,NULL,NULL,NULL,"Table View",NULL,"[]",NULL,NULL,NULL
"852","{\"filter\":\"\",\"mode\":\"query\",\"Query\":\" WITH  statusdata AS (SELECT CAST(event_time AS DATE) AS \'TransactionDate\' ,USER, COUNT(*) AS TotalcasesWorkedOn\\nFROM icm_audit WHERE USER \\n= {username} \\nGROUP BY \'TransactionDate\', USER )\\nSELECT TransactionDate AS \\\"Transaction Date\\\", USER AS \\\"User\\\", TotalcasesWorkedOn AS \\\"Total cases worked on\\\"  FROM statusdata\",\"Cacheable\":false,\"isStreaming\":\"false\",\"Headers\":\"\",\"defaultValues\":\"\",\"QueryParams\":\"\",\"writeMode\":\"append\",\"params\":\"{\'username\':\'User\'}\",\"tableName\":\"daimler\",\"uniqueIdentifier\":\"\"}",NULL,"AgentProductivity2",NULL,"LEOAGNTP54145","leo1311",NULL,"r",NULL,NULL,"LEOLPDML59680","edlin.edwinjacob@infosys.com","2024-03-28 11:23:52.540110","AgentProductivity2",NULL,"","","","",NULL,NULL,NULL,NULL,NULL,"Table View",NULL,"[]",NULL,NULL,NULL
"853","{\"filter\":\"\",\"mode\":\"query\",\"Query\":\"SELECT current_assignee_ AS Users, COUNT(BID) AS N0_Of_Cases FROM livebpm_leapmaster_ref_data.invoice_processing_2507 \\nWHERE current_assignee_ IS NOT NULL AND current_assignee_ != \'\' AND state_ <>\'discarded\' AND created_date_ >\'2022-07-23\' AND proc_def_key_ ={ProcessName}\\nGROUP BY current_assignee_,proc_def_key_;\",\"Cacheable\":false,\"isStreaming\":\"false\",\"Headers\":\"\",\"defaultValues\":\"\",\"QueryParams\":\"\",\"writeMode\":\"append\",\"params\":\"{\'ProcessName\':\'proc_def_key_\'}\",\"tableName\":\"\",\"uniqueIdentifier\":\"\"}",NULL,"UserwiseCases",NULL,"LEOUSRWS28116","leo1311",NULL,"r",NULL,NULL,"LEOLPDML59680","edlin.edwinjacob@infosys.com","2024-03-28 11:25:30.490592","UserwiseCases",NULL,"","","","",NULL,NULL,NULL,NULL,NULL,"Table View",NULL,"[]",NULL,NULL,NULL
"854","{\"filter\":\"\",\"mode\":\"query\",\"Query\":\"SELECT source_ as Source, count(source_) as No_Of_Cases FROM livebpm_leapmaster_ref_data.invoice_processing_2507\\nWHERE state_ <>\'discarded\' AND created_date_ >\'2022-07-23\' AND proc_def_key_ ={ProcessName}\\nGROUP BY status_,proc_def_key_;\",\"Cacheable\":false,\"isStreaming\":\"false\",\"Headers\":\"\",\"defaultValues\":\"\",\"QueryParams\":\"\",\"writeMode\":\"append\",\"params\":\"{\'ProcessName\':\'proc_def_key_\'}\",\"tableName\":\"\",\"uniqueIdentifier\":\"\"}",NULL,"SourceWiseCases",NULL,"LEOSRCWS85889","leo1311",NULL,"r",NULL,NULL,"LEOLPDML59680","edlin.edwinjacob@infosys.com","2024-03-28 11:26:25.522405","SourceWiseCases",NULL,"","","","",NULL,NULL,NULL,NULL,NULL,"Table View",NULL,"[]",NULL,NULL,NULL
"855","{\"filter\":\"\",\"mode\":\"query\",\"Query\":\"select category, count(category) as No_Of_Cases from livebpm_leapmaster_ref_data.invoice_processing_2507\\nwhere state_ <>\'discarded\' and created_date_ >\'2022-07-23\' and category not in (\'test\',\'\',\'NULL\')\\nand proc_def_key_ ={ProcessName} \\ngroup by category,proc_def_key_;\",\"Cacheable\":false,\"isStreaming\":\"false\",\"Headers\":\"\",\"defaultValues\":\"\",\"QueryParams\":\"\",\"writeMode\":\"append\",\"params\":\"{\'ProcessName\':\'proc_def_key_\'}\",\"tableName\":\"\",\"uniqueIdentifier\":\"\"}",NULL,"CategoryWiseCases",NULL,"LEOCTGRY90218","leo1311",NULL,"r",NULL,NULL,"LEOLPDML59680","edlin.edwinjacob@infosys.com","2024-03-28 11:27:10.102839","CategoryWiseCases",NULL,"","","","",NULL,NULL,NULL,NULL,NULL,"Table View",NULL,"[]",NULL,NULL,NULL
"856","{\"filter\":\"\",\"mode\":\"query\",\"Query\":\"select subCategory,count(subCategory) as No_Of_Cases from livebpm_leapmaster_ref_data.invoice_processing_2507\\nwhere state_ <>\'discarded\' and created_date_ >\'2022-07-23\' AND proc_def_key_ ={ProcessName} \\ngroup by subCategory,proc_def_key_;\",\"Cacheable\":false,\"isStreaming\":\"false\",\"Headers\":\"\",\"defaultValues\":\"\",\"QueryParams\":\"\",\"writeMode\":\"append\",\"params\":\"{\'ProcessName\':\'proc_def_key_\'}\",\"tableName\":\"\",\"uniqueIdentifier\":\"\"}",NULL,"SubCategoryWiseCases",NULL,"LEOSBCTG76097","leo1311",NULL,"r",NULL,NULL,"LEOLPDML59680","edlin.edwinjacob@infosys.com","2024-03-28 11:28:01.469243","SubCategoryWiseCases",NULL,"","","","",NULL,NULL,NULL,NULL,NULL,"Table View",NULL,"[]",NULL,NULL,NULL
"857","{\"filter\":\"\",\"mode\":\"query\",\"Query\":\"SELECT DISTINCT(NAME_) AS ProcessName FROM livebpm_leapmaster.act_re_procdef WHERE name_  IN  (\'InvoiceProcessing\',\'InvoiceProcessing2507\',\'IncomeTaxProcessing\')\",\"Cacheable\":false,\"isStreaming\":\"false\",\"Headers\":\"\",\"defaultValues\":\"\",\"QueryParams\":\"\",\"writeMode\":\"append\",\"params\":\"{}\",\"tableName\":\"\",\"uniqueIdentifier\":\"\"}",NULL,"GetAllProcess",NULL,"LEOGTLPR69914","leo1311",NULL,"r",NULL,NULL,"LEOLPDML59680","edlin.edwinjacob@infosys.com","2024-03-28 11:28:38.387417","GetAllProcess",NULL,"","","","",NULL,NULL,NULL,NULL,NULL,"Table View",NULL,"[]",NULL,NULL,NULL
"858","{\"filter\":\"\",\"mode\":\"query\",\"Query\":\"SELECT  Priority, count(BID) as No_Of_Cases FROM livebpm_leapmaster_ref_data.invoice_processing_2507\\nwhere state_ <>\'discarded\'  and created_date_ >\'2022-07-23\'\\nAND proc_def_key_ ={ProcessName}\\ngroup by Priority,proc_def_key_;\",\"Cacheable\":false,\"isStreaming\":\"false\",\"Headers\":\"\",\"defaultValues\":\"\",\"QueryParams\":\"\",\"writeMode\":\"append\",\"params\":\"{\'ProcessName\':\'proc_def_key_\'}\",\"tableName\":\"\",\"uniqueIdentifier\":\"\"}",NULL,"PriorityWiseCases",NULL,"LEOPRTYW85111","leo1311",NULL,"r",NULL,NULL,"LEOLPDML59680","edlin.edwinjacob@infosys.com","2024-03-28 11:29:26.089554","PriorityWiseCases",NULL,"","","","",NULL,NULL,NULL,NULL,NULL,"Table View",NULL,"[]",NULL,NULL,NULL
"859","{\"filter\":\"\",\"mode\":\"query\",\"Query\":\"SELECT proc_def_key_,COUNT(proc_def_key_) AS No_Of_Cases FROM livebpm_leapmaster_ref_data.invoice_processing_2507 \\nWHERE state_ <>\'discarded\' AND created_date_ >\'2022-07-23\' AND proc_def_key_ ={ProcessName} \\nGROUP BY proc_def_key_;\",\"Cacheable\":false,\"isStreaming\":\"false\",\"Headers\":\"\",\"defaultValues\":\"\",\"QueryParams\":\"\",\"writeMode\":\"append\",\"params\":\"{\'ProcessName\':\'proc_def_key_\'}\",\"tableName\":\"\",\"uniqueIdentifier\":\"\"}",NULL,"ProcessWiseCases",NULL,"LEOPRCSW81479","leo1311",NULL,"r",NULL,NULL,"LEOLPDML59680","edlin.edwinjacob@infosys.com","2024-03-28 11:30:12.413151","ProcessWiseCases",NULL,"","","","",NULL,NULL,NULL,NULL,NULL,"Table View",NULL,"[]",NULL,NULL,NULL
"860","{\"filter\":\"{ \'username\':\'User\' }\",\"mode\":\"query\",\"Query\":\"SELECT event_time AS \'Transaction Date\', USER, COUNT(COMMENTS) AS COMPLETED FROM icm_audit WHERE comments LIKE \'%COMPLETED%\'\\nGROUP BY USER\",\"Cacheable\":false,\"isStreaming\":\"false\",\"Headers\":\"\",\"defaultValues\":\"\",\"QueryParams\":\"\",\"writeMode\":\"append\",\"params\":\"{}\",\"tableName\":\"\",\"uniqueIdentifier\":\"\"}",NULL,"AgentProd-reopen",NULL,"LEOAGNTP17421","leo1311",NULL,"r",NULL,NULL,"LEOLPDML59680","edlin.edwinjacob@infosys.com","2024-03-28 11:31:12.797973","AgentProd-reopen",NULL,"","","","",NULL,NULL,NULL,NULL,NULL,"Table View",NULL,"[]",NULL,NULL,NULL
"861","{\"filter\":\"\",\"mode\":\"query\",\"Query\":\"SELECT event_time AS \'Transaction Date\',USER, COUNT(COMMENTS) AS \\\"RE-OPENED\\\" FROM icm_audit WHERE comments LIKE \'%RE-OPEN%\'\\nGROUP BY USER\",\"Cacheable\":false,\"isStreaming\":\"false\",\"Headers\":\"\",\"defaultValues\":\"\",\"QueryParams\":\"\",\"writeMode\":\"append\",\"params\":\"{\'username\':User}\",\"tableName\":\"\",\"uniqueIdentifier\":\"\"}",NULL,"AgentProdcompl",NULL,"LEOAGNTP43168","leo1311",NULL,"r",NULL,NULL,"LEOLPDML59680","edlin.edwinjacob@infosys.com","2024-03-28 11:32:07.593328","AgentProdcompl",NULL,"","","","",NULL,NULL,NULL,NULL,NULL,"Table View",NULL,"[]",NULL,NULL,NULL
"862","{\"filter\":\"\",\"mode\":\"query\",\"Query\":\"SELECT status_, COUNT(*) AS count FROM leapmaster_ref_data_2_1_backup.mfstradedemo where proc_def_key_=\'MfsTradeProcessing\' group by status_\",\"Cacheable\":false,\"isStreaming\":\"false\",\"Headers\":\"\",\"defaultValues\":\"\",\"QueryParams\":\"\",\"writeMode\":\"append\",\"params\":\"{\'PROC_DEF_KEY_ \':\'MfsTradeProcessing\' , \'startDate\' : \\\"\'2022-12-30\'\\\" ,\'endDate\':  \\\"\'2100-12-30\'\\\"}\",\"tableName\":\"\",\"uniqueIdentifier\":\"\"}",NULL,"MarketingStatus",NULL,"LEOMRKTN70323","leo1311",NULL,"rw",NULL,NULL,"LEOLPDML59680","edlin.edwinjacob@infosys.com","2024-03-28 11:32:55.476914","MarketingStatus",NULL,"","","","",NULL,NULL,NULL,NULL,NULL,"Table View",NULL,"[]",NULL,NULL,NULL
"863","{\"filter\":\"\",\"mode\":\"query\",\"Query\":\"SELECT  date_format(end_date_,\'%d/%m/%Y\'),COUNT(business_key_) as Completed FROM leapmaster_ref_data_2_1_backup.invoice_processing_2507\\nWHERE (state_ LIKE \\\"COMPLETED%\\\") \\n AND PROC_DEF_KEY_   =  \\\"MarketingOperations\\\"\\nAND (created_date_ BETWEEN  DATE({startDate})  AND DATE({endDate})) GROUP BY DATE(end_date_);\\n\",\"Cacheable\":false,\"isStreaming\":\"false\",\"Headers\":\"\",\"defaultValues\":\"\",\"QueryParams\":\"\",\"writeMode\":\"append\",\"params\":\"{\'PROC_DEF_KEY_ \':\'MarketingOperations\' , \'startDate\' : \\\"\'2022-12-30\'\\\" ,\'endDate\':  \\\"\'2100-12-30\'\\\"}\",\"tableName\":\"\",\"uniqueIdentifier\":\"BID\"}",NULL,"Marketing Daily Completed Cases",NULL,"LEOMRKTN10176","leo1311",NULL,"rw",NULL,NULL,"LEOLPDML59680","edlin.edwinjacob@infosys.com","2024-03-28 11:33:47.065987","Marketing Daily Completed Cases",NULL,"","","","",NULL,NULL,NULL,NULL,NULL,"Table View",NULL,"[]",NULL,NULL,NULL
"864","{\"filter\":\"\",\"mode\":\"query\",\"Query\":\"SELECT DATE(created_date_) AS DATE, COUNT(BUSINESS_KEY_) AS COUNT FROM leapmaster_ref_data_2_1_backup.invoice_processing_2507  \\nWHERE proc_def_key_=\'MarketingOperations\'\\nAND state_!=\'Discarded\'\\nAND (created_date_ >= {startDate} AND created_date_ <={endDate})\\nGROUP BY DATE(created_date_)\",\"Cacheable\":false,\"isStreaming\":\"false\",\"Headers\":\"\",\"defaultValues\":\"\",\"QueryParams\":\"\",\"writeMode\":\"append\",\"params\":\"{\\\"endDate\\\":\\\"\'2100-12-30\'\\\",\\\"PROC_DEF_KEY_ \\\":\\\"MarketingOperations \\\",\\\"startDate\\\":\\\"\'2020-12-30\'\\\"}\",\"tableName\":\"\",\"uniqueIdentifier\":\"\"}",NULL,"Marketing Daily Created Case",NULL,"LEOMRKTN28564","leo1311",NULL,"rw",NULL,NULL,"LEOLPDML59680","edlin.edwinjacob@infosys.com","2024-03-28 11:34:29.136721","Marketing Daily Created Case",NULL,"","","","",NULL,NULL,NULL,NULL,NULL,"Table View",NULL,"[]",NULL,NULL,NULL
"865","{\"filter\":\"\",\"mode\":\"query\",\"Query\":\"SELECT   short_description AS Request_Type,COUNT(short_description) AS Request_Type_Count \\nFROM leapmaster_ref_data_2_1_backup.invoice_processing_2507 where proc_def_key_=\'MarketingOperations\' \\nAND (created_date_ BETWEEN  DATE({startDate})  AND DATE({endDate}))\\nGROUP BY short_description\",\"Cacheable\":false,\"isStreaming\":\"false\",\"Headers\":\"\",\"defaultValues\":\"\",\"QueryParams\":\"\",\"writeMode\":\"append\",\"params\":\"{\'PROC_DEF_KEY_ \':\'MarketingOperations\' , \'startDate\' : \\\"\'2022-12-30\'\\\" ,\'endDate\':  \\\"\'2100-12-30\'\\\"}\",\"tableName\":\"\",\"uniqueIdentifier\":\"\"}",NULL,"Marketing Request Type",NULL,"LEOMRKTN23417","leo1311",NULL,"rw",NULL,NULL,"LEOLPDML59680","edlin.edwinjacob@infosys.com","2024-03-28 11:37:03.722312","Marketing Request Type",NULL,"","","","",NULL,NULL,NULL,NULL,NULL,"Table View",NULL,"[]",NULL,NULL,NULL
"866","{\"filter\":\"\",\"mode\":\"query\",\"Query\":\"SELECT   Subtotal AS Complexity_Type,COUNT(Subtotal) AS Complexity_Type_Count \\nFROM leapmaster_ref_data_2_1_backup.invoice_processing_2507 where proc_def_key_=\'MarketingOperations\' \\nAND (created_date_ BETWEEN  DATE({startDate})  AND DATE({endDate}))\\nGROUP BY Subtotal\",\"Cacheable\":false,\"isStreaming\":\"false\",\"Headers\":\"\",\"defaultValues\":\"\",\"QueryParams\":\"\",\"writeMode\":\"append\",\"params\":\"{\'PROC_DEF_KEY_ \':\'MarketingOperations\' , \'startDate\' : \\\"\'2022-12-30\'\\\" ,\'endDate\':  \\\"\'2100-12-30\'\\\"}\",\"tableName\":\"\",\"uniqueIdentifier\":\"\"}",NULL,"Marketing Complexity Type",NULL,"LEOMRKTN69018","leo1311",NULL,"rw",NULL,NULL,"LEOLPDML59680","edlin.edwinjacob@infosys.com","2024-03-28 11:37:52.904913","Marketing Complexity Type",NULL,"","","","",NULL,NULL,NULL,NULL,NULL,"Table View",NULL,"[]",NULL,NULL,NULL
"867","{\"filter\":\"\",\"mode\":\"query\",\"Query\":\"SELECT business_key_ AS \'CaseId\', \\ncreated_date_ AS \'CreatedDate\',\\nMAX(status_) \\\"Status\\\",\\nMAX(short_description) \\\"Request Type\\\" ,\\nMAX(requested_by)\\\"Requestor\\\",\\nMAX(last_updated_date_ )\\\"ModifiedDate\\\",\\nMAX(Tip)\'Request Category\',\\nMAX(current_assignee_)\\\"CurrentAssignee\\\",\\nMAX(Subtotal)\\\"Complexity Type\\\",\\nMAX(Items)\\\"Channel\\\",\\nMAX(Total)\\\"Description\\\"\\nFROM leapmaster_ref_data_2_1_backup.invoice_processing_2507 where proc_def_key_=\'MarketingOperations\' \\nand state_!= \\\"discarded\\\"\\nGROUP BY proc_inst_id_, business_key_ , proc_def_key_ \\nhaving Status={statusname} and (created_date_ BETWEEN  DATE({startDate})  AND DATE({endDate}))\\n\",\"Cacheable\":false,\"isStreaming\":\"false\",\"Headers\":\"\",\"defaultValues\":\"\",\"QueryParams\":\"\",\"writeMode\":\"append\",\"params\":\"{ \'startDate\' : \\\"\'2020-12-30\'\\\" ,\'endDate\':  \\\"\'2100-12-30\'\\\",\'statusname\':\'Status\'} \",\"tableName\":\"\",\"uniqueIdentifier\":\"\"}",NULL,"Marketing Status Report",NULL,"LEOMRKTN24754","leo1311",NULL,"rw",NULL,NULL,"LEOLPDML59680","edlin.edwinjacob@infosys.com","2024-03-28 11:38:38.012020","Marketing Status Report",NULL,"","","","",NULL,NULL,NULL,NULL,NULL,"Table View",NULL,"[]",NULL,NULL,NULL
"868","{\"filter\":\"\",\"mode\":\"query\",\"Query\":\"SELECT  TransactionDate,USER,\\nSUM(IF(STATUS = \'new\', taskcount, 0)) AS New,\\nSUM(IF(STATUS = \'inProgress\', taskcount, 0)) AS InProgress,\\nSUM(IF(STATUS = \'sendForClarification\', taskcount, 0)) AS SendForClarification,\\nSUM(IF(STATUS = \'sendForReview\', taskcount, 0)) AS SendForReview,\\nSUM(IF(STATUS = \'Completed\', taskcount, 0)) AS Completed,\\nSUM(taskcount) AS TotalCaseWorkedOn\\nFROM\\n(select CAST(t0.event_time AS DATE) AS \'TransactionDate\' ,t0.USER, t1.status_ as \'Status\', \\nCOUNT(t0.businesskeyid) AS\'TaskCount\' from livebpm_leapmaster.icm_audit t0 \\njoin leapmaster_ref_data_2_1_backup.invoice_processing_2507 t1 \\non t0.businesskeyid=t1.business_key_  where t1.state_ <>\'discarded\' and t1.created_date_ >\'2023-01-01 10:58:52\' \\nand proc_def_key_=\'MarketingOperations\'\\ngroup by t0.businesskeyid, t0.user, t1.status_) p\\nWHERE p.status IN (\'sendForClarification\',\'sendForReview\',\'Completed\',\'inProgress\',\'new\') \\nAND user= {username} AND (TransactionDate BETWEEN  DATE({startDate})  AND DATE({endDate})) \\nGROUP BY TransactionDate,USER \\nORDER BY TransactionDate,USER\",\"Cacheable\":false,\"isStreaming\":\"false\",\"Headers\":\"\",\"defaultValues\":\"\",\"QueryParams\":\"\",\"writeMode\":\"append\",\"params\":\"{ \'startDate\' : \\\"\'2020-12-30\'\\\" ,\'endDate\':  \\\"\'2100-12-30\'\\\",\'username\':\'user\'}\",\"tableName\":\"\",\"uniqueIdentifier\":\"\"}",NULL,"Marketing Agent Productivity Report",NULL,"LEOMRKTN23174","leo1311",NULL,"rw",NULL,NULL,"LEOLPDML59680","edlin.edwinjacob@infosys.com","2024-03-28 11:39:19.923421","Marketing Agent Productivity Report",NULL,"","","","",NULL,NULL,NULL,NULL,NULL,"Table View",NULL,"[]",NULL,NULL,NULL
"869","{\"filter\":\"\",\"mode\":\"query\",\"Query\":\"SELECT Tip AS RequestCategory,COUNT(Tip) AS Request_Category_count \\nFROM leapmaster_ref_data_2_1_backup.invoice_processing_2507 where proc_def_key_=\'MarketingOperations\' \\nAND (created_date_ BETWEEN  DATE({startDate})  AND DATE({endDate}))\\nGROUP BY Tip\",\"Cacheable\":false,\"isStreaming\":\"false\",\"Headers\":\"\",\"defaultValues\":\"\",\"QueryParams\":\"\",\"writeMode\":\"append\",\"params\":\"{\'PROC_DEF_KEY_ \':\'MarketingOperations\' , \'startDate\' : \\\"\'2022-12-30\'\\\" ,\'endDate\':  \\\"\'2100-12-30\'\\\"}\",\"tableName\":\"\",\"uniqueIdentifier\":\"\"}",NULL,"Marketing Category Type",NULL,"LEOMRKTN38205","leo1311",NULL,"rw",NULL,NULL,"LEOLPDML59680","edlin.edwinjacob@infosys.com","2024-03-28 11:39:59.220561","Marketing Category Type",NULL,"","","","",NULL,NULL,NULL,NULL,NULL,"Table View",NULL,"[]",NULL,NULL,NULL
"870","{\"filter\":\"\",\"mode\":\"query\",\"Query\":\"SELECT\\nbusiness_key_ AS \'Case Id\',\\nProc_def_key_ AS \'Process\',\\nstatus_ AS \'Status\',\\ncurrent_assignee_ AS \'Agent\', \\ncreated_date_ AS \'Case Created Date\',\\ndue_date_ AS \'Expected Closure Date\',\\nend_date_ AS \'Actual Closure Date\',\\nCASE\\n WHEN end_date_ IS NOT NULL AND end_date_ <= due_date_ THEN \'Met\'\\n WHEN end_date_ IS NOT NULL AND end_date_ > due_date_ THEN \'Not Met\'\\n WHEN end_date_ IS NULL AND  NOW()<= due_date_ THEN \'Inprogress\'\\n WHEN end_date_ IS NULL AND NOW() > due_date_ THEN \'Not Met\'\\n WHEN end_date_ IS NULL AND (status_ = (\'sendForClarification\') or status_ = (\'new\')) <= due_date_  THEN \'Inprogress\'\\nEND AS \'SLAStatus\'\\nFROM leapmaster_ref_data_2_1_backup.invoice_processing_2507\\nwhere proc_def_key_=\'MarketingOperations\' AND\\n(created_date_ BETWEEN DATE(\'2020-12-30\') AND DATE(\'2100-12-30\'))\\n  \",\"Cacheable\":false,\"isStreaming\":\"false\",\"Headers\":\"\",\"defaultValues\":\"\",\"QueryParams\":\"\",\"writeMode\":\"append\",\"params\":\"{\'PROC_DEF_KEY_ \':\'MarketingOperations\' , \'startDate\' : \\\"\'2022-12-30\'\\\" ,\'endDate\':  \\\"\'2100-12-30\'\\\"}\",\"tableName\":\"\",\"uniqueIdentifier\":\"\"}",NULL,"Marketing SLA",NULL,"LEOMRKTN68796","leo1311",NULL,"rw",NULL,NULL,"LEOLPDML59680","edlin.edwinjacob@infosys.com","2024-03-28 11:40:44.471979","Marketing SLA",NULL,"","","","",NULL,NULL,NULL,NULL,NULL,"Table View",NULL,"[]",NULL,NULL,NULL
"871","{\"filter\":\"{\'PROC_DEF_KEY_ \':\'InvoiceProcessing\' , \'startDate\' : \\\"\'2022-12-30\'\\\" ,\'endDate\':  \\\"\'2100-12-30\'\\\"}\",\"mode\":\"query\",\"Query\":\"SELECT status_, COUNT(*) AS count FROM leapmaster_ref_data_2_1_backup.invoice_processing_2507 \\nwhere proc_def_key_=\'InvoiceProcessing\' group by status_\",\"Cacheable\":false,\"isStreaming\":\"false\",\"Headers\":\"\",\"defaultValues\":\"\",\"QueryParams\":\"\",\"writeMode\":\"append\",\"params\":\"{}\",\"tableName\":\"\",\"uniqueIdentifier\":\"\"}",NULL,"InvoiceTLstatuscount",NULL,"LEOINVCT43445","leo1311",NULL,"r",NULL,NULL,"LEOLPDML59680","edlin.edwinjacob@infosys.com","2024-03-28 11:41:27.395686","InvoiceTLstatuscount",NULL,"","","","",NULL,NULL,NULL,NULL,NULL,"Table View",NULL,"[]",NULL,NULL,NULL
"872","{\"filter\":\"\",\"mode\":\"query\",\"Query\":\"SELECT  date_format(end_date_,\'%d/%m/%Y\'),COUNT(business_key_) as Completed FROM leapmaster_ref_data_2_1_backup.invoice_processing_2507\\nWHERE (state_ LIKE \\\"COMPLETED%\\\") \\nAND PROC_DEF_KEY_  = \\\"InvoiceProcessing\\\"\\nAND (created_date_ BETWEEN  DATE({startDate})  AND DATE({endDate})) GROUP BY DATE(end_date_);\",\"Cacheable\":false,\"isStreaming\":\"false\",\"Headers\":\"\",\"defaultValues\":\"\",\"QueryParams\":\"\",\"writeMode\":\"append\",\"params\":\"{\'PROC_DEF_KEY_ \':\'InvoiceProcessing\' , \'startDate\' : \\\"\'2022-12-30\'\\\" ,\'endDate\':  \\\"\'2100-12-30\'\\\"}\",\"tableName\":\"\",\"uniqueIdentifier\":\"\"}",NULL,"InvoiceTLdailycompleted",NULL,"LEOINVCT65821","leo1311",NULL,"r",NULL,NULL,"LEOLPDML59680","edlin.edwinjacob@infosys.com","2024-03-28 11:44:43.303388","InvoiceTLdailycompleted",NULL,"","","","",NULL,NULL,NULL,NULL,NULL,"Table View","[]","[]",NULL,NULL,NULL
"873","{\"filter\":\"\",\"mode\":\"query\",\"Query\":\"SELECT DATE(created_date_) AS DATE, COUNT(BUSINESS_KEY_) AS COUNT FROM leapmaster_ref_data_2_1_backup.invoice_processing_2507  \\nWHERE proc_def_key_=\'InvoiceProcessing\'\\nAND state_!=\'Discarded\'\\nAND (created_date_ >= {startDate} AND created_date_ <={endDate})\\nGROUP BY DATE(created_date_);\",\"Cacheable\":false,\"isStreaming\":\"false\",\"Headers\":\"\",\"defaultValues\":\"\",\"QueryParams\":\"\",\"writeMode\":\"append\",\"params\":\"{\\\"endDate\\\":\\\"\'2100-12-30\'\\\",\\\"PROC_DEF_KEY_ \\\":\\\"InvoiceProcessing\\\",\\\"startDate\\\":\\\"\'2020-12-30\'\\\"}\",\"tableName\":\"\",\"uniqueIdentifier\":\"\"}",NULL,"InvoiceTldailyCreated",NULL,"LEOINVCT46135","leo1311",NULL,"r",NULL,NULL,"LEOLPDML59680","edlin.edwinjacob@infosys.com","2024-03-28 11:44:23.882952","InvoiceTldailyCreated",NULL,"","","","",NULL,NULL,NULL,NULL,NULL,"Table View","[]","[]",NULL,NULL,NULL
"874","{\"filter\":\"\",\"mode\":\"query\",\"Query\":\"SELECT status_, COUNT(*) AS count FROM leapmaster_ref_data_2_1_backup.invoice_processing_2507 where proc_def_key_=\'MarketingOperations\' group by status_\",\"Cacheable\":false,\"isStreaming\":\"false\",\"Headers\":\"\",\"defaultValues\":\"\",\"QueryParams\":\"\",\"writeMode\":\"append\",\"params\":\"{\'PROC_DEF_KEY_ \':\'MarketingOperations\' , \'startDate\' : \\\"\'2022-12-30\'\\\" ,\'endDate\':  \\\"\'2100-12-30\'\\\"}\",\"tableName\":\"\",\"uniqueIdentifier\":\"\"}",NULL,"New",NULL,"LEONWMSD48506","leo1311",NULL,"rw",NULL,NULL,"LEOLPDML59680","edlin.edwinjacob@infosys.com","2024-03-28 11:44:01.930236","New",NULL,"","","","",NULL,NULL,NULL,NULL,NULL,"Table View",NULL,"[]",NULL,NULL,NULL