"cname","filename","filescript","organization"
"LEORCRT_44644","LEORCRT_44644_leo1311.py","ZnJvbSBsZWFwLnV0aWxzLlV0aWxpdGllcyBpbXBvcnQgVXRpbGl0aWVzDQpmcm9tIHVybGxpYi5wYXJzZSBpbXBvcnQgdXJscGFyc2UNCmltcG9ydCBweW9kYmMNCmZyb20gZGF0ZXRpbWUgaW1wb3J0IGRhdGV0aW1lDQppbXBvcnQganNvbg0KaW1wb3J0IHN5cw0KaW1wb3J0IHRyYWNlYmFjaw0KDQojIFBhcnNlIGFyZ3VtZW50cw0KYXJncyA9IHN5cy5hcmd2DQphcmdfZGljdCA9IHt9DQpmb3IgYXJnIGluIGFyZ3M6DQogICAgdHJ5Og0KICAgICAgICBrZXksIHZhbHVlID0gYXJnLnNwbGl0KCc6JywgMSkNCiAgICAgICAgYXJnX2RpY3Rba2V5XSA9IHZhbHVlDQogICAgZXhjZXB0IFZhbHVlRXJyb3I6DQogICAgICAgIGNvbnRpbnVlICAjIElnbm9yZSBpbXByb3Blcmx5IGZvcm1hdHRlZCBhcmd1bWVudHMNCg0KbGVhcGRzID0gYXJnX2RpY3QuZ2V0KCdsZWFwZHMnKQ0KaWYgbm90IGxlYXBkczoNCiAgICByYWlzZSBWYWx1ZUVycm9yKCJNaXNzaW5nIGxlYXBkcyBhcmd1bWVudC4iKQ0KDQpsZWFwRFNkaWN0ID0ganNvbi5sb2FkcyhsZWFwZHMpDQp1c2VybmFtZSA9IGxlYXBEU2RpY3RbJ3VzZXJOYW1lJ10NCnBhc3N3b3JkID0gVXRpbGl0aWVzLmRlY3J5cHQobGVhcERTZGljdFsncGFzc3dvcmQnXSwgbGVhcERTZGljdFsnc2FsdCddKQ0KdXJsID0gbGVhcERTZGljdFsndXJsJ11bMTc6XSAgIyBSZW1vdmUgdGhlICJqZGJjOnNxbHNlcnZlcjovLyIgcHJlZml4DQoNCiMgUGFyc2UgTVNTUUwgY29ubmVjdGlvbiBkZXRhaWxzDQp0cnk6DQogICAgaG9zdCwgZGF0YWJhc2VfcGFydCA9IHVybC5zcGxpdCgnOycsIDEpDQogICAgZGF0YWJhc2UgPSBkYXRhYmFzZV9wYXJ0LnNwbGl0KCc9JywgMSlbMV0NCmV4Y2VwdCBWYWx1ZUVycm9yIGFzIGU6DQogICAgcmFpc2UgVmFsdWVFcnJvcigiSW52YWxpZCBTUUwgU2VydmVyIFVSTCBmb3JtYXQuIEV4cGVjdGVkIGZvcm1hdDogJ2pkYmM6c3Fsc2VydmVyOi8vPGhvc3Q+O2RhdGFiYXNlTmFtZT08ZGF0YWJhc2U+JyIpIGZyb20gZQ0KDQojIFV0aWxpdHkgRnVuY3Rpb25zDQpkZWYgZm9ybWF0X2RhdGUoKToNCiAgICAiIiJSZXR1cm4gdGhlIGN1cnJlbnQgZGF0ZXRpbWUgaW4gdGhlIHJlcXVpcmVkIGZvcm1hdC4iIiINCiAgICByZXR1cm4gZGF0ZXRpbWUubm93KCkuc3RyZnRpbWUoIiVZLSVtLSVkICVIOiVNOiVTLiVmIilbOi0zXQ0KDQpkZWYgZ2V0X2RiX2Nvbm5lY3Rpb24oKToNCiAgICAiIiJFc3RhYmxpc2ggYW5kIHJldHVybiB0aGUgZGF0YWJhc2UgY29ubmVjdGlvbi4iIiINCiAgICB0cnk6DQogICAgICAgIGNvbm5lY3Rpb25fc3RyaW5nID0gKA0KICAgICAgICAgICAgZiJEUklWRVI9e3tPREJDIERyaXZlciAxOCBmb3IgU1FMIFNlcnZlcn19OyINCiAgICAgICAgICAgIGYiU0VSVkVSPXtob3N0fTsiDQogICAgICAgICAgICBmIkRBVEFCQVNFPXtkYXRhYmFzZX07Ig0KICAgICAgICAgICAgZiJVSUQ9e3VzZXJuYW1lfTsiDQogICAgICAgICAgICBmIlBXRD17cGFzc3dvcmR9OyINCiAgICAgICAgICAgIGYiVHJ1c3RTZXJ2ZXJDZXJ0aWZpY2F0ZT15ZXM7RW5jcnlwdD15ZXMiDQogICAgICAgICkNCiAgICAgICAgY29ubmVjdGlvbiA9IHB5b2RiYy5jb25uZWN0KGNvbm5lY3Rpb25fc3RyaW5nKQ0KICAgICAgICBwcmludCgiRGF0YWJhc2UgY29ubmVjdGlvbiBlc3RhYmxpc2hlZCBzdWNjZXNzZnVsbHkuIikNCiAgICAgICAgcmV0dXJuIGNvbm5lY3Rpb24NCiAgICBleGNlcHQgcHlvZGJjLkVycm9yIGFzIGU6DQogICAgICAgIHByaW50KGYiRXJyb3IgY29ubmVjdGluZyB0byBkYXRhYmFzZToge2V9IikNCiAgICAgICAgcmFpc2UNCg0KZGVmIGZldGNoX29sZF9jaGFpbl9qb2JzKGN1cnNvcik6DQogICAgIiIiRmV0Y2ggY2hhaW4gam9icyB3aGVyZSBvcmdhbml6YXRpb24gaXMgJ3Rlc3RpbmcxMScuIiIiDQogICAgIyBxdWVyeSA9ICJTRUxFQ1QgKiBGUk9NIG1sY2hhaW5zIFdIRVJFIGpvYl9uYW1lPSAnRGF0YUVucmljaG1lbnRfdGVzdCcgYW5kIG9yZ2FuaXphdGlvbj0ndGVzdGluZzExJyINCiAgICBxdWVyeSA9ICJTRUxFQ1QgKiBGUk9NIG1sY2hhaW5zIFdIRVJFIG9yZ2FuaXphdGlvbiA8PiAnbGVvMTMxMSciDQogICAgY3Vyc29yLmV4ZWN1dGUocXVlcnkpDQogICAgY29sdW1ucyA9IFtjb2x1bW5bMF0gZm9yIGNvbHVtbiBpbiBjdXJzb3IuZGVzY3JpcHRpb25dDQogICAgcmV0dXJuIFtkaWN0KHppcChjb2x1bW5zLCByb3cpKSBmb3Igcm93IGluIGN1cnNvci5mZXRjaGFsbCgpXQ0KDQpkZWYgZmV0Y2hfcGlwZWxpbmVfZGF0YShjdXJzb3IsIG5hbWUsIG9yZ2FuaXphdGlvbik6DQogICAgIiIiRmV0Y2ggY2lkLCBkZXNjcmlwdGlvbiwgYW5kIFRZUEUgZnJvbSBtbHBpcGVsaW5lLiIiIg0KICAgIHF1ZXJ5ID0gIiIiDQogICAgICAgIFNFTEVDVCBjaWQsIGRlc2NyaXB0aW9uLCBUWVBFDQogICAgICAgIEZST00gbWxwaXBlbGluZQ0KICAgICAgICBXSEVSRSBuYW1lID0gPyBBTkQgb3JnYW5pemF0aW9uID0gPw0KICAgICIiIg0KICAgIGN1cnNvci5leGVjdXRlKHF1ZXJ5LCAobmFtZSwgb3JnYW5pemF0aW9uKSkNCiAgICByb3cgPSBjdXJzb3IuZmV0Y2hvbmUoKQ0KICAgIGlmIHJvdzoNCiAgICAgICAgY29sdW1ucyA9IFtjb2x1bW5bMF0gZm9yIGNvbHVtbiBpbiBjdXJzb3IuZGVzY3JpcHRpb25dDQogICAgICAgIHJldHVybiBkaWN0KHppcChjb2x1bW5zLCByb3cpKQ0KICAgIHJldHVybiBOb25lDQoNCmRlZiB0cmFuc2Zvcm1fZGF0YShjdXJzb3IsIHJvd3MpOg0KICAgICIiIlRyYW5zZm9ybSB0aGUgZGF0YSBmcm9tIG1sY2hhaW5zIHRvIHRoZSBuZXcgc3RydWN0dXJlLiIiIg0KICAgIHJlc3VsdHMgPSBbXQ0KICAgIGZvciByb3cgaW4gcm93czoNCiAgICAgICAgdHJ5Og0KICAgICAgICAgICAgY2hhaW4gPSB7ImlkIjogcm93WyJpZCJdfQ0KICAgICAgICAgICAgb2xkX2pzb24gPSBqc29uLmxvYWRzKHJvd1sianNvbl9jb250ZW50Il0pDQogICAgICAgICAgICBlbGVtZW50cyA9IG9sZF9qc29uWyJlbGVtZW50Il1bImVsZW1lbnRzIl0NCg0KICAgICAgICAgICAgbmV3X2VsZW1lbnRzID0gW10NCiAgICAgICAgICAgIGZvciBjb3VudCwgZWxlbSBpbiBlbnVtZXJhdGUoZWxlbWVudHMpOg0KICAgICAgICAgICAgICAgIGlmICJuYW1lIiBub3QgaW4gZWxlbSBvciAiYWxpYXMiIG5vdCBpbiBlbGVtOg0KICAgICAgICAgICAgICAgICAgICBwcmludChmIlNraXBwaW5nIGVsZW1lbnQgaW4gcm93IElEIHtyb3dbJ2lkJ119OiBNaXNzaW5nICduYW1lJyBvciAnYWxpYXMnLiIpDQogICAgICAgICAgICAgICAgICAgIGNvbnRpbnVlDQoNCiAgICAgICAgICAgICAgICBwaXBlbGluZV9kYXRhID0gZmV0Y2hfcGlwZWxpbmVfZGF0YShjdXJzb3IsIGVsZW1bIm5hbWUiXSwgcm93WyJvcmdhbml6YXRpb24iXSkNCiAgICAgICAgICAgICAgICBpZiBub3QgcGlwZWxpbmVfZGF0YToNCiAgICAgICAgICAgICAgICAgICAgcHJpbnQoZiJQaXBlbGluZSBkYXRhIG5vdCBmb3VuZCBmb3IgbmFtZSAne2VsZW1bJ25hbWUnXX0nIGFuZCBvcmdhbml6YXRpb24gJ3tyb3dbJ29yZ2FuaXphdGlvbiddfSciKQ0KICAgICAgICAgICAgICAgICAgICBjb250aW51ZQ0KDQogICAgICAgICAgICAgICAgb2xkX3J1bnRpbWUgPSBwaXBlbGluZV9kYXRhWyJUWVBFIl0NCiAgICAgICAgICAgICAgICBjb25uZWN0b3JzID0gW3sidHlwZSI6ICJzb3VyY2UifV0gaWYgY291bnQgPT0gMCBlbHNlIFt7InR5cGUiOiAidGFyZ2V0In0sIHsidHlwZSI6ICJzb3VyY2UifV0gaWYgY291bnQgPCBsZW4oZWxlbWVudHMpIC0gMSBlbHNlIFt7InR5cGUiOiAidGFyZ2V0In1dDQoNCiAgICAgICAgICAgICAgICBuZXdfZWxlbWVudHMuYXBwZW5kKHsNCiAgICAgICAgICAgICAgICAgICAgImlkIjogc3RyKGNvdW50ICsgMSksDQogICAgICAgICAgICAgICAgICAgICJhbGlhcyI6IGVsZW1bImFsaWFzIl0sDQogICAgICAgICAgICAgICAgICAgICJuYW1lIjogZWxlbVsibmFtZSJdLA0KICAgICAgICAgICAgICAgICAgICAiY29ubmVjdG9ycyI6IGNvbm5lY3RvcnMsDQogICAgICAgICAgICAgICAgICAgICJydW50aW1lIjogIlJFTU9URS1Mb2NhbENsdXN0ZXIiLA0KICAgICAgICAgICAgICAgICAgICAidHlwZSI6IG9sZF9ydW50aW1lLA0KICAgICAgICAgICAgICAgICAgICAibGV2ZWwiOiBzdHIoY291bnQpLA0KICAgICAgICAgICAgICAgIH0pDQoNCiAgICAgICAgICAgIGlmIG5vdCBuZXdfZWxlbWVudHM6DQogICAgICAgICAgICAgICAgcHJpbnQoZiJTa2lwcGluZyByb3cgSUQge3Jvd1snaWQnXX06IE5vIHZhbGlkIGVsZW1lbnRzIGZvdW5kLiIpDQogICAgICAgICAgICAgICAgY29udGludWUNCg0KICAgICAgICAgICAgbmV3X2pzb25fY29udGVudCA9IHsicnVuTm93Ijogb2xkX2pzb24uZ2V0KCJydW5Ob3ciLCBGYWxzZSksICJlbGVtZW50IjogeyJlbGVtZW50cyI6IG5ld19lbGVtZW50c319DQogICAgICAgICAgICBmbG93X2RhdGEgPSBnZW5lcmF0ZV9mbG93X2RhdGEobmV3X2VsZW1lbnRzLCByb3dbIm9yZ2FuaXphdGlvbiJdLCBjdXJzb3IpDQoNCiAgICAgICAgICAgIGNoYWluWyJqc29uIl0gPSB7Impzb25fY29udGVudCI6IG5ld19qc29uX2NvbnRlbnQsICJmbG93anNvbiI6IGZsb3dfZGF0YX0NCiAgICAgICAgICAgIHJlc3VsdHMuYXBwZW5kKGNoYWluKQ0KICAgICAgICBleGNlcHQgRXhjZXB0aW9uIGFzIGU6DQogICAgICAgICAgICBwcmludChmIkVycm9yIHRyYW5zZm9ybWluZyBkYXRhIGZvciByb3cgSUQge3Jvd1snaWQnXX06IHtlfSIpDQogICAgICAgICAgICB0cmFjZWJhY2sucHJpbnRfZXhjKCkNCiAgICAgICAgICAgIHJhaXNlDQogICAgcmV0dXJuIHJlc3VsdHMNCg0KZGVmIGdlbmVyYXRlX2Zsb3dfZGF0YShuZXdfZWxlbWVudHMsIG9yZ2FuaXphdGlvbiwgY3Vyc29yKToNCiAgICAiIiJHZW5lcmF0ZSB0aGUgZmxvd2pzb24gc3RydWN0dXJlIHdpdGggZHluYW1pYyBpbnB1dC9vdXRwdXQgbG9naWMuIiIiDQogICAgZmxvd19kYXRhID0geyJkcmF3ZmxvdyI6IHsiSG9tZSI6IHsiZGF0YSI6IHt9fX19DQogICAgc3RhcnRfeCwgc3RhcnRfeSA9IDEwLCAxMA0KICAgIHN0ZXB4LCBzdGVweSA9IDMwLCA0MA0KDQogICAgZm9yIGlkeCwgZWxlbSBpbiBlbnVtZXJhdGUobmV3X2VsZW1lbnRzKToNCiAgICAgICAgdHJ5Og0KICAgICAgICAgICAgIyBGZXRjaCBwaXBlbGluZSBkYXRhIGZvciB0aGUgY3VycmVudCBlbGVtZW50DQogICAgICAgICAgICBwaXBlbGluZV9kYXRhID0gZmV0Y2hfcGlwZWxpbmVfZGF0YShjdXJzb3IsIGVsZW1bIm5hbWUiXSwgb3JnYW5pemF0aW9uKQ0KICAgICAgICAgICAgaWYgbm90IHBpcGVsaW5lX2RhdGE6DQogICAgICAgICAgICAgICAgcHJpbnQoZiJQaXBlbGluZSBkYXRhIG5vdCBmb3VuZCBmb3IgZWxlbWVudCAne2VsZW1bJ25hbWUnXX0nIGFuZCBvcmdhbml6YXRpb24gJ3tvcmdhbml6YXRpb259Jy4iKQ0KICAgICAgICAgICAgICAgIGNvbnRpbnVlDQoNCiAgICAgICAgICAgIGNpZCA9IHBpcGVsaW5lX2RhdGFbImNpZCJdDQogICAgICAgICAgICBkZXNjcmlwdGlvbiA9IHBpcGVsaW5lX2RhdGEuZ2V0KCJkZXNjcmlwdGlvbiIsICIiKQ0KDQogICAgICAgICAgICBub2RlX2lkID0gZWxlbVsiaWQiXQ0KDQogICAgICAgICAgICAjIER5bmFtaWMgaW5wdXRzIGFuZCBvdXRwdXRzIGhhbmRsaW5nIGZvciB0aGUgY3VycmVudCBlbGVtZW50DQogICAgICAgICAgICBpbnB1dHNfZHluYW1pYyA9IHsNCiAgICAgICAgICAgICAgICAiaW5wdXRfMSI6IHsNCiAgICAgICAgICAgICAgICAgICAgImNvbm5lY3Rpb25zIjogW3sibm9kZSI6IHN0cihuZXdfZWxlbWVudHNbaWR4IC0gMV1bImlkIl0pLCAiaW5wdXQiOiAib3V0cHV0XzEifV0NCiAgICAgICAgICAgICAgICB9DQogICAgICAgICAgICB9IGlmIGlkeCA+IDAgZWxzZSB7ImlucHV0XzEiOiB7ImNvbm5lY3Rpb25zIjogW119fQ0KDQogICAgICAgICAgICBvdXRwdXRzX2R5bmFtaWMgPSB7DQogICAgICAgICAgICAgICAgIm91dHB1dF8xIjogew0KICAgICAgICAgICAgICAgICAgICAiY29ubmVjdGlvbnMiOiBbeyJub2RlIjogc3RyKG5ld19lbGVtZW50c1tpZHggKyAxXVsiaWQiXSksICJvdXRwdXQiOiAiaW5wdXRfMSJ9XQ0KICAgICAgICAgICAgICAgIH0NCiAgICAgICAgICAgIH0gaWYgaWR4IDwgbGVuKG5ld19lbGVtZW50cykgLSAxIGVsc2UgeyJvdXRwdXRfMSI6IHsiY29ubmVjdGlvbnMiOiBbXX19DQoNCiAgICAgICAgICAgICMgQ29uc3RydWN0IHRoZSBmbG93IGRhdGEgZm9yIHRoZSBjdXJyZW50IGVsZW1lbnQNCiAgICAgICAgICAgIGZsb3dfZGF0YVsiZHJhd2Zsb3ciXVsiSG9tZSJdWyJkYXRhIl1bc3RyKG5vZGVfaWQpXSA9IHsNCiAgICAgICAgICAgICAgICAiaWQiOiBpbnQobm9kZV9pZCksDQogICAgICAgICAgICAgICAgIm5hbWUiOiBlbGVtWyJuYW1lIl0sDQogICAgICAgICAgICAgICAgImRhdGEiOiB7DQogICAgICAgICAgICAgICAgICAgICJpbnRlcmZhY2V0eXBlIjogInBpcGVsaW5lIiwNCiAgICAgICAgICAgICAgICAgICAgImRlbGV0ZWQiOiBGYWxzZSwNCiAgICAgICAgICAgICAgICAgICAgImNyZWF0ZWREYXRlIjogZm9ybWF0X2RhdGUoKSwNCiAgICAgICAgICAgICAgICAgICAgInRhcmdldENsYXNzIjogImNsYXNzIG9yZy5zcHJpbmdmcmFtZXdvcmsuZGF0YS5qcGEucmVwb3NpdG9yeS5xdWVyeS5BYnN0cmFjdEpwYVF1ZXJ5JFR1cGxlQ29udmVydGVyJFR1cGxlQmFja2VkTWFwIiwNCiAgICAgICAgICAgICAgICAgICAgIm9yZ2FuaXphdGlvbiI6IG9yZ2FuaXphdGlvbiwNCiAgICAgICAgICAgICAgICAgICAgIm5hbWUiOiBlbGVtWyJuYW1lIl0sDQogICAgICAgICAgICAgICAgICAgICJkZXNjcmlwdGlvbiI6IGRlc2NyaXB0aW9uLA0KICAgICAgICAgICAgICAgICAgICAiYWxpYXMiOiBlbGVtWyJhbGlhcyJdLA0KICAgICAgICAgICAgICAgICAgICAidHlwZSI6IGVsZW1bInR5cGUiXSwNCiAgICAgICAgICAgICAgICAgICAgInRhcmdldCI6IHsNCiAgICAgICAgICAgICAgICAgICAgICAgICJpbnRlcmZhY2V0eXBlIjogInBpcGVsaW5lIiwNCiAgICAgICAgICAgICAgICAgICAgICAgICJkZWxldGVkIjogRmFsc2UsDQogICAgICAgICAgICAgICAgICAgICAgICAiY3JlYXRlZERhdGUiOiBmb3JtYXRfZGF0ZSgpLA0KICAgICAgICAgICAgICAgICAgICAgICAgIm9yZ2FuaXphdGlvbiI6IG9yZ2FuaXphdGlvbiwNCiAgICAgICAgICAgICAgICAgICAgICAgICJuYW1lIjogZWxlbVsibmFtZSJdLA0KICAgICAgICAgICAgICAgICAgICAgICAgImFsaWFzIjogZWxlbVsiYWxpYXMiXSwNCiAgICAgICAgICAgICAgICAgICAgICAgICJkZXNjcmlwdGlvbiI6IGRlc2NyaXB0aW9uLA0KICAgICAgICAgICAgICAgICAgICAgICAgInR5cGUiOiBlbGVtWyJ0eXBlIl0sDQogICAgICAgICAgICAgICAgICAgICAgICAiY2lkIjogY2lkLA0KICAgICAgICAgICAgICAgICAgICB9LA0KICAgICAgICAgICAgICAgICAgICAiY2lkIjogY2lkLA0KICAgICAgICAgICAgICAgICAgICAiaWQiOiBpbnQobm9kZV9pZCkgKiAxMDAwMDAwLCAgIyBBc3N1bWluZyBJRCBzY2FsaW5nDQogICAgICAgICAgICAgICAgICAgICJodG1sIjogZiI8ZGl2PjxkaXYgY2xhc3M9XCJ0aXRsZS1ib3hcIiBzdHlsZT1cImxpbmUtaGVpZ2h0OiAyMHB4O3BhZGRpbmctdG9wOiAxMHB4O3dvcmQtYnJlYWs6IGJyZWFrLXdvcmQ7XCI+e2VsZW1bJ2FsaWFzJ119PC9kaXY+PGRpdiBjbGFzcz1cImJveCBkYmNsaWNrYm94XCIgPjxwPlJ1bnRpbWU8L3A+PHNlbGVjdCBkZi1ydW50aW1lPjxvcHRpb24+e2VsZW1bJ3J1bnRpbWUnXX08L29wdGlvbj48L3NlbGVjdD48L2Rpdj48L2Rpdj4iLA0KICAgICAgICAgICAgICAgICAgICAiaW5wdXRzIjogMSwNCiAgICAgICAgICAgICAgICAgICAgIm91dHB1dHMiOiAxLA0KICAgICAgICAgICAgICAgICAgICAicnVudGltZSI6IGVsZW1bInJ1bnRpbWUiXSwNCiAgICAgICAgICAgICAgICB9LA0KICAgICAgICAgICAgICAgICJjbGFzcyI6ICJtdWx0aXBsZSIsDQogICAgICAgICAgICAgICAgImh0bWwiOiBmIjxkaXY+PGRpdiBjbGFzcz1cInRpdGxlLWJveFwiIHN0eWxlPVwibGluZS1oZWlnaHQ6IDIwcHg7cGFkZGluZy10b3A6IDEwcHg7d29yZC1icmVhazogYnJlYWstd29yZDtcIj57ZWxlbVsnYWxpYXMnXX08L2Rpdj48ZGl2IGNsYXNzPVwiYm94IGRiY2xpY2tib3hcIiA+PHA+UnVudGltZTwvcD48c2VsZWN0IGRmLXJ1bnRpbWU+PG9wdGlvbj57ZWxlbVsncnVudGltZSddfTwvb3B0aW9uPjwvc2VsZWN0PjwvZGl2PjwvZGl2PiIsDQogICAgICAgICAgICAgICAgInR5cGVub2RlIjogRmFsc2UsDQogICAgICAgICAgICAgICAgImlucHV0cyI6IGlucHV0c19keW5hbWljLA0KICAgICAgICAgICAgICAgICJvdXRwdXRzIjogb3V0cHV0c19keW5hbWljLA0KICAgICAgICAgICAgICAgICJwb3NfeCI6IHN0YXJ0X3ggKyBpZHggKiBzdGVweCwNCiAgICAgICAgICAgICAgICAicG9zX3kiOiBzdGFydF95ICsgaWR4ICogc3RlcHksDQogICAgICAgICAgICB9DQogICAgICAgIGV4Y2VwdCBFeGNlcHRpb24gYXMgZToNCiAgICAgICAgICAgIHByaW50KGYiRXJyb3IgZ2VuZXJhdGluZyBmbG93IGRhdGEgZm9yIGVsZW1lbnQgSUQge2VsZW1bJ2lkJ119OiB7ZX0iKQ0KICAgICAgICAgICAgdHJhY2ViYWNrLnByaW50X2V4YygpDQogICAgDQogICAgcmV0dXJuIGZsb3dfZGF0YQ0KDQpkZWYgdXBkYXRlX2NoYWluX2pvYnMoY3Vyc29yLCByZXN1bHRzKToNCiAgICAiIiJVcGRhdGUgdGhlIG1sY2hhaW5zIHRhYmxlIHdpdGggdHJhbnNmb3JtZWQgZGF0YS4iIiINCiAgICBxdWVyeSA9ICJVUERBVEUgbWxjaGFpbnMgU0VUIGpzb25fY29udGVudCA9ID8sIGZsb3dqc29uID0gPyBXSEVSRSBpZCA9ID8iDQogICAgZm9yIGNoYWluIGluIHJlc3VsdHM6DQogICAgICAgIGN1cnNvci5leGVjdXRlKHF1ZXJ5LCAoanNvbi5kdW1wcyhjaGFpblsianNvbiJdWyJqc29uX2NvbnRlbnQiXSksIGpzb24uZHVtcHMoY2hhaW5bImpzb24iXVsiZmxvd2pzb24iXSksIGNoYWluWyJpZCJdKSkNCg0KIyBNYWluIEV4ZWN1dGlvbg0KdHJ5Og0KICAgIGNvbm5lY3Rpb24gPSBnZXRfZGJfY29ubmVjdGlvbigpDQogICAgY3Vyc29yID0gY29ubmVjdGlvbi5jdXJzb3IoKQ0KDQogICAgcm93cyA9IGZldGNoX29sZF9jaGFpbl9qb2JzKGN1cnNvcikNCiAgICBpZiBub3Qgcm93czoNCiAgICAgICAgcHJpbnQoIk5vIGRhdGEgZm91bmQgaW4gbWxjaGFpbnMgZm9yIHRyYW5zZm9ybWF0aW9uLiIpDQogICAgZWxzZToNCiAgICAgICAgcmVzdWx0cyA9IHRyYW5zZm9ybV9kYXRhKGN1cnNvciwgcm93cykNCiAgICAgICAgaWYgcmVzdWx0czoNCiAgICAgICAgICAgIHVwZGF0ZV9jaGFpbl9qb2JzKGN1cnNvciwgcmVzdWx0cykNCiAgICAgICAgICAgIGNvbm5lY3Rpb24uY29tbWl0KCkNCiAgICAgICAgICAgIHByaW50KCJEYXRhIHRyYW5zZm9ybWF0aW9uIGFuZCBtbGNoYWlucyB0YWJsZSB1cGRhdGUgY29tcGxldGVkIHN1Y2Nlc3NmdWxseS4iKQ0KZXhjZXB0IEV4Y2VwdGlvbiBhcyBlOg0KICAgIHByaW50KGYiQW4gZXJyb3Igb2NjdXJyZWQ6IHtlfSIpDQogICAgdHJhY2ViYWNrLnByaW50X2V4YygpDQpmaW5hbGx5Og0KICAgIGlmICdjb25uZWN0aW9uJyBpbiBsb2NhbHMoKToNCiAgICAgICAgY29ubmVjdGlvbi5jbG9zZSgpDQogICAgICAgIHByaW50KCJEYXRhYmFzZSBjb25uZWN0aW9uIGNsb3NlZC4iKQ0KDQpwcmludCgnY29tcGxldGVkJykNCg0K","leo1311"
cname,filename,filename,organization
ACMGNRCN39596,ACMGNRCN39596_Acme.py,ACMGNRCN39596_Acme.py,leo1311
ACMKYPHR40814,ACMKYPHR40814_leo1311.py,ACMKYPHR40814_leo1311.py,leo1311
ACMLP_CR65949,ACMLP_CR65949_Acme.py,ACMLP_CR65949_Acme.py,leo1311
ACMLP_PD72695,ACMLP_PD72695_Acme.py,ACMLP_PD72695_Acme.py,leo1311
AnomalyDetection,AnomalyDetection_Core.py,AnomalyDetection_Core.py,leo1311
APMBCKND86786,APMBCKND86786_leo1311.py,APMBCKND86786_leo1311.py,leo1311
APMBSNSM29436,APMBSNSM29436_leo1311.py,APMBSNSM29436_leo1311.py,leo1311
APMBSNST86795,APMBSNST86795_leo1311.py,APMBSNST86795_leo1311.py,leo1311
APMCPMMR89209,APMCPMMR89209_leo1311.py,APMCPMMR89209_leo1311.py,leo1311
APMCSDTT50266,APMCSDTT50266_leo1311.py,APMCSDTT50266_leo1311.py,leo1311
APMCSTSR49023,APMCSTSR49023_leo1311.py,APMCSTSR49023_leo1311.py,leo1311
APMDT_CR20147,APMDT_CR20147_leo1311.py,APMDT_CR20147_leo1311.py,leo1311
APMDT_HS24363,APMDT_HS24363_leo1311.py,APMDT_HS24363_leo1311.py,leo1311
APMDT_HS25375,APMDT_HS25375_leo1311.py,APMDT_HS25375_leo1311.py,leo1311
APMDT_HS44485,APMDT_HS44485_leo1311.py,APMDT_HS44485_leo1311.py,leo1311
APMDT_HS58589,APMDT_HS58589_leo1311.py,APMDT_HS58589_leo1311.py,leo1311
APMDT_HS63212,APMDT_HS63212_leo1311.py,APMDT_HS63212_leo1311.py,leo1311
APMDT_HS71491,APMDT_HS71491_leo1311.py,APMDT_HS71491_leo1311.py,leo1311
APMDT_HS91825,APMDT_HS91825_leo1311.py,APMDT_HS91825_leo1311.py,leo1311
APMDT_PG97620,APMDT_PG97620_leo1311.py,APMDT_PG97620_leo1311.py,leo1311
APMDT_PL81905,APMDT_PL81905_leo1311.py,APMDT_PL81905_leo1311.py,leo1311
APMDT_PR53085,APMDT_PR53085_leo1311.py,APMDT_PR53085_leo1311.py,leo1311
APMDT_PR80903,APMDT_PR80903_leo1311.py,APMDT_PR80903_leo1311.py,leo1311
APMDT_PR86325,APMDT_PR86325_leo1311.py,APMDT_PR86325_leo1311.py,leo1311
APMDT_PT68853,APMDT_PT68853_leo1311.py,APMDT_PT68853_leo1311.py,leo1311
APMDT_PT70742,APMDT_PT70742_leo1311.py,APMDT_PT70742_leo1311.py,leo1311
APMDT_SR22120,APMDT_SR22120_leo1311.py,APMDT_SR22120_leo1311.py,leo1311
APMDT_SR58716,APMDT_SR58716_leo1311.py,APMDT_SR58716_leo1311.py,leo1311
APMDT_SR68662,APMDT_SR68662_leo1311.py,APMDT_SR68662_leo1311.py,leo1311
APMDT_VN81403,APMDT_VN81403_leo1311.py,APMDT_VN81403_leo1311.py,leo1311
APMERDTL90894,APMERDTL90894_leo1311.py,APMERDTL90894_leo1311.py,leo1311
APMMNTRN69364,APMMNTRN69364_leo1311.py,APMMNTRN69364_leo1311.py,leo1311
APMNWTCH51420,APMNWTCH51420_leo1311.py,APMNWTCH51420_leo1311.py,leo1311
APMOVRLP63363,APMOVRLP63363_leo1311.py,APMOVRLP63363_leo1311.py,leo1311
APMPRBLM12200,APMPRBLM12200_leo1311.py,APMPRBLM12200_leo1311.py,leo1311
APPAPD_R45047,APPAPD_R45047_leo1311.py,APPAPD_R45047_leo1311.py,leo1311
APPAPD_R48261,APPAPD_R48261_leo1311.py,APPAPD_R48261_leo1311.py,leo1311
Appd_Induce_CPU_Issue,Appd_Induce_CPU_Issue_leo1311.py,Appd_Induce_CPU_Issue_leo1311.py,leo1311
CHACDGNR87605,CHACDGNR87605_leo1311.py,CHACDGNR87605_leo1311.py,leo1311
LEACDGNR30505,LEACDGNR30505_leo1311.py,LEACDGNR30505_leo1311.py,leo1311
LEASNWCN40863,LEASNWCN40863_Leap.py,LEASNWCN40863_Leap.py,leo1311
LEOACTNB19304,LEOACTNB19304_leo1311.py,LEOACTNB19304_leo1311.py,leo1311
LEOACTNB21033,LEOACTNB21033_leo1311.py,LEOACTNB21033_leo1311.py,leo1311
LEOACTNB43073,LEOACTNB43073_leo1311.py,LEOACTNB43073_leo1311.py,leo1311
LEOALRT_39674,LEOALRT_39674_leo1311.py,LEOALRT_39674_leo1311.py,leo1311
LEOALRT_45377,LEOALRT_45377_leo1311.py,LEOALRT_45377_leo1311.py,leo1311
LEOALRT_72951,LEOALRT_72951_leo1311.py,LEOALRT_72951_leo1311.py,leo1311
LEOANMLY29579,LEOANMLY29579_leo1311.py,LEOANMLY29579_leo1311.py,leo1311
LEOAPD_M22623,LEOAPD_M22623_leo1311.py,LEOAPD_M22623_leo1311.py,leo1311
LEOBTM_S61592,LEOBTM_S61592_leo1311.py,LEOBTM_S61592_leo1311.py,leo1311
LEOCDGNR10099,LEOCDGNR10099_leo1311.py,LEOCDGNR10099_leo1311.py,leo1311
LEOCDGNR33831,LEOCDGNR33831_leo1311.py,LEOCDGNR33831_leo1311.py,leo1311
LEOCDGNR37410,LEOCDGNR37410_leo1311.py,LEOCDGNR37410_leo1311.py,leo1311
LEOCDGNR66088,LEOCDGNR66088_leo1311.py,LEOCDGNR66088_leo1311.py,leo1311
LEOCLSR_10888,LEOCLSR_10888_leo1311.py,LEOCLSR_10888_leo1311.py,leo1311
LEOCLSR_30823,LEOCLSR_30823_leo1311.py,LEOCLSR_30823_leo1311.py,leo1311
LEOCLSR_51410,LEOCLSR_51410_leo1311.py,LEOCLSR_51410_leo1311.py,leo1311
LEOCLSR_66979,LEOCLSR_66979_leo1311.py,LEOCLSR_66979_leo1311.py,leo1311
LEOCP_SG46231,LEOCP_SG46231_leo1311.py,LEOCP_SG46231_leo1311.py,leo1311
LEOCRLTN84463,LEOCRLTN84463_leo1311.py,LEOCRLTN84463_leo1311.py,leo1311
LEOCRTNG85366,LEOCRTNG85366_leo1311.py,LEOCRTNG85366_leo1311.py,leo1311
LEODT_CR38314,LEODT_CR38314_leo1311.py,LEODT_CR38314_leo1311.py,leo1311
LEODT_ND23928,LEODT_ND23928_leo1311.py,LEODT_ND23928_leo1311.py,leo1311
LEODT_RS45315,LEODT_RS45315_leo1311.py,LEODT_RS45315_leo1311.py,leo1311
LEODT_SN26353,LEODT_SN26353_leo1311.py,LEODT_SN26353_leo1311.py,leo1311
LEOEVNT_26978,LEOEVNT_26978_leo1311.py,LEOEVNT_26978_leo1311.py,leo1311
LEOEVNT_29428,LEOEVNT_29428_leo1311.py,LEOEVNT_29428_leo1311.py,leo1311
LEOEVNT_76585,LEOEVNT_76585_leo1311.py,LEOEVNT_76585_leo1311.py,leo1311
LEOEVNTC87096,LEOEVNTC87096_leo1311.py,LEOEVNTC87096_leo1311.py,leo1311
LEOGT_C_35001,LEOGT_C_35001_leo1311.py,LEOGT_C_35001_leo1311.py,leo1311
LEOGT_CS21690,LEOGT_CS21690_leo1311.py,LEOGT_CS21690_leo1311.py,leo1311
LEOGT_CS41653,LEOGT_CS41653_leo1311.py,LEOGT_CS41653_leo1311.py,leo1311
LEOHP_LR25645,LEOHP_LR25645_leo1311.py,LEOHP_LR25645_leo1311.py,leo1311
LEOINFYD55307,LEOINFYD55307_leo1311.py,LEOINFYD55307_leo1311.py,leo1311
LEOINFYD68146,LEOINFYD68146_leo1311.py,LEOINFYD68146_leo1311.py,leo1311
LEOITSMR86704,LEOITSMR86704_leo1311.py,LEOITSMR86704_leo1311.py,leo1311
LEOLDTDT22603,LEOLDTDT22603_leo1311.py,LEOLDTDT22603_leo1311.py,leo1311
LEOLDTDT91086,LEOLDTDT91086_leo1311.py,LEOLDTDT91086_leo1311.py,leo1311
LEOLGSFR35596,LEOLGSFR35596_leo1311.py,LEOLGSFR35596_leo1311.py,leo1311
LEOLNR-R86498,LEOLNRR86498_leo1311.py,LEOLNRR86498_leo1311.py,leo1311
LEOMNL_R68866,LEOMNL_R68866_leo1311.py,LEOMNL_R68866_leo1311.py,leo1311
LEOPBLSH61379,LEOPBLSH61379_leo1311.py,LEOPBLSH61379_leo1311.py,leo1311
LEOPBLSH70643,LEOPBLSH70643_leo1311.py,LEOPBLSH70643_leo1311.py,leo1311
LEOPBLSH94433,LEOPBLSH94433_leo1311.py,LEOPBLSH94433_leo1311.py,leo1311
LEOPRCSM42051,LEOPRCSM42051_leo1311.py,LEOPRCSM42051_leo1311.py,leo1311
LEOPRMTH45227,LEOPRMTH45227_leo1311.py,LEOPRMTH45227_leo1311.py,leo1311
LEOPRMTH73251,LEOPRMTH73251_leo1311.py,LEOPRMTH73251_leo1311.py,leo1311
LEORBTMQ17118,LEORBTMQ17118_leo1311.py,LEORBTMQ17118_leo1311.py,leo1311
LEORCRT_44644,LEORCRT_44644_leo1311.py,LEORCRT_44644_leo1311.py,leo1311
LEORSLTN43548,LEORSLTN43548_leo1311.py,LEORSLTN43548_leo1311.py,leo1311
LEORSLTN84194,LEORSLTN84194_leo1311.py,LEORSLTN84194_leo1311.py,leo1311
LEORSLTN93134,LEORSLTN93134_leo1311.py,LEORSLTN93134_leo1311.py,leo1311
LEORSTRS30124,LEORSTRS30124_leo1311.py,LEORSTRS30124_leo1311.py,leo1311
LEORSTRS62652,LEORSTRS62652_leo1311.py,LEORSTRS62652_leo1311.py,leo1311
LEORSTRS86577,LEORSTRS86577_leo1311.py,LEORSTRS86577_leo1311.py,leo1311
LEOSMPL-18776,LEOSMPL18776_leo1311.py,LEOSMPL18776_leo1311.py,leo1311
LEOSMPL-56635,LEOSMPL56635_leo1311.py,LEOSMPL56635_leo1311.py,leo1311
LEOSMPL-65915,LEOSMPL65915_leo1311.py,LEOSMPL65915_leo1311.py,leo1311
LEOSMPL-68488,LEOSMPL68488_leo1311.py,LEOSMPL68488_leo1311.py,leo1311
LEOSNW_C64708,LEOSNW_C64708_leo1311.py,LEOSNW_C64708_leo1311.py,leo1311
LEOSNW_N53872,LEOSNW_N53872_leo1311.py,LEOSNW_N53872_leo1311.py,leo1311
LEOSNW_N78635,LEOSNW_N78635_leo1311.py,LEOSNW_N78635_leo1311.py,leo1311
LEOSR_DT76385,LEOSR_DT76385_leo1311.py,LEOSR_DT76385_leo1311.py,leo1311
LEOSRPLC78198,LEOSRPLC78198_leo1311.py,LEOSRPLC78198_leo1311.py,leo1311
LEOSRVCN34085,LEOSRVCN34085_leo1311.py,LEOSRVCN34085_leo1311.py,leo1311
LEOTRGR_32549,LEOTRGR_32549_leo1311.py,LEOTRGR_32549_leo1311.py,leo1311
LEOTRGR_56109,LEOTRGR_56109_leo1311.py,LEOTRGR_56109_leo1311.py,leo1311
LEOTRGRR63308,LEOTRGRR63308_leo1311.py,LEOTRGRR63308_leo1311.py,leo1311
LEOTRNSL50186,LEOTRNSL50186_leo1311.py,LEOTRNSL50186_leo1311.py,leo1311
LEOTST_D18131,LEOTST_D18131_leo1311.py,LEOTST_D18131_leo1311.py,leo1311
LEOTST_M35555,LEOTST_M35555_leo1311.py,LEOTST_M35555_leo1311.py,leo1311
LEOTSTBD61925,LEOTSTBD61925_leo1311.py,LEOTSTBD61925_leo1311.py,leo1311
LEOTSTCQ33709,LEOTSTCQ33709_leo1311.py,LEOTSTCQ33709_leo1311.py,leo1311
LEOTSTRP51301,LEOTSTRP51301_leo1311.py,LEOTSTRP51301_leo1311.py,leo1311
SREHPCLR65771,SREHPCLR65771_SRE1.py,SREHPCLR65771_SRE1.py,SRE1
SREHPPLN49070,SREHPPLN49070_SRE1.py,SREHPPLN49070_SRE1.py,SRE1
SREHPPLN73704,SREHPPLN73704_SRE1.py,SREHPPLN73704_SRE1.py,SRE1
SREINCDN54820,SREINCDN54820_SRE1.py,SREINCDN54820_SRE1.py,SRE1
