"dataset","formtemplate","organization"
"DEMPBLCD49428","PublicDatasetForm","leo1311"
"DEMDTSTC85094","DEMCPQJB13620","leo1311"
"DEMDTSTC85094","DEMAZRGN99723","leo1311"
"DEMMLDTS94440","DEMCPQJB13620","leo1311"
"DEMPPLNC48635","DEMCPTMN76371","leo1311"
"DEMMDLCR36489","DEMAZRCN71716","leo1311"
"DEMMDLCR36489","DEMCPYGP68397","leo1311"
"DEMMLDTS54900","DEMCPQJB13620","leo1311"
"DEMENDPN81599","DEMAZRNF51393","leo1311"
"DEMENDPN81599","DEMCPMHX66049","leo1311"
"DEMENDPN81599","DEMMLFLW28004","leo1311"
"DEMENDPN81599","DEMVRTXQ18139","leo1311"